-- phpMyAdmin SQL Dump
-- version 4.6.4
-- https://www.phpmyadmin.net/
--
-- Host: 127.0.0.1
-- Generation Time: Nov 15, 2016 at 01:00 PM
-- Server version: 5.7.14
-- PHP Version: 5.6.25

SET SQL_MODE = "NO_AUTO_VALUE_ON_ZERO";
SET time_zone = "+00:00";


/*!40101 SET @OLD_CHARACTER_SET_CLIENT=@@CHARACTER_SET_CLIENT */;
/*!40101 SET @OLD_CHARACTER_SET_RESULTS=@@CHARACTER_SET_RESULTS */;
/*!40101 SET @OLD_COLLATION_CONNECTION=@@COLLATION_CONNECTION */;
/*!40101 SET NAMES utf8mb4 */;

--
-- Database: `sfp8216`
--

-- --------------------------------------------------------

--
-- Table structure for table `chatdata`
--

CREATE TABLE `chatdata` (
  `lobbyId` int(5) NOT NULL,
  `userId` int(5) NOT NULL,
  `message` varchar(150) NOT NULL,
  `time` datetime(6) DEFAULT NULL
) ENGINE=InnoDB DEFAULT CHARSET=latin1;

--
-- Dumping data for table `chatdata`
--

INSERT INTO `chatdata` (`lobbyId`, `userId`, `message`, `time`) VALUES
(1, 1, 'Hi!', '2016-10-25 12:06:54.000000'),
(1, 2, 'How you doing?', '2016-10-25 12:07:04.000000'),
(1, 1, 'Good, you?', NULL),
(1, 1, 'sad', '2016-10-25 17:02:15.000000'),
(1, 1, 'Whys that?', '2016-10-25 17:02:24.000000'),
(1, 1, 'good morning', '2016-10-30 01:00:36.000000'),
(1, 1, 'good morning', '2016-10-30 01:00:40.000000'),
(1, 1, 'good morning', '2016-10-30 01:00:46.000000'),
(1, 1, 'Blah', '2016-10-30 01:09:15.000000'),
(1, 1, 'Blah', '2016-10-30 01:09:17.000000'),
(1, 1, 'Blah', '2016-10-30 01:09:34.000000'),
(1, 1, 'Blah', '2016-10-30 01:10:04.000000'),
(1, 1, 'bay', '2016-10-30 01:10:33.000000'),
(1, 1, 'Blah', '2016-10-30 01:13:43.000000'),
(1, 1, 'Try again!!!!!!!!!!!', '2016-10-30 01:15:19.000000'),
(1, 2, 'Shut up', '2016-10-30 01:16:02.000000'),
(1, 1, 'no you shut up', '2016-10-30 01:16:19.000000'),
(1, 1, 'hiya', '2016-10-30 17:59:32.000000'),
(1, 2, 'hey', '2016-10-30 17:59:41.000000'),
(1, 2, 'sup', '2016-10-30 18:00:43.000000'),
(1, 1, 'hey dood', '2016-10-30 18:01:03.000000'),
(1, 1, 'whiteboard time!', '2016-10-30 18:01:11.000000'),
(1, 2, 'Awww yessss', '2016-10-30 18:01:17.000000'),
(1, 1, 'Anyone here?', '2016-10-30 18:04:40.000000'),
(1, 2, 'Yup I am', '2016-10-30 18:04:45.000000'),
(2, 2, 'testing!', '2016-10-30 18:20:23.000000'),
(2, 1, 'Oh hey it works', '2016-10-30 18:20:31.000000'),
(1, 2, 'Hello', '2016-10-30 21:04:00.000000'),
(1, 1, 'Hello root', '2016-10-30 21:04:09.000000'),
(2, 1, 'Hi again', '2016-10-30 21:04:24.000000'),
(2, 2, 'Good afternoon', '2016-10-30 21:04:58.000000'),
(1, 2, 'BONZAI', '2016-11-03 18:07:53.000000'),
(1, 1, 'Shush', '2016-11-03 18:07:57.000000'),
(1, 2, 'Dodo', '2016-11-03 19:44:17.000000'),
(1, 3, 'hi', '2016-11-03 22:50:28.000000'),
(1, 2, 'you suck', '2016-11-03 22:53:12.000000'),
(23, 2, 'hiya', '2016-11-08 20:59:57.000000'),
(23, 2, 'Good, you?', '2016-11-08 21:10:56.000000'),
(23, 4, 'Test', '2016-11-09 13:29:19.000000'),
(2, 2, 'Good it works', '2016-11-09 13:29:23.000000'),
(2, 2, 'Good it works', '2016-11-09 13:29:27.000000'),
(2, 2, 'Good it works', '2016-11-09 13:29:40.000000'),
(23, 2, 'Good it works', '2016-11-09 13:29:47.000000'),
(23, 4, 'Why did yours breaK?', '2016-11-09 13:29:55.000000'),
(23, 2, 'No idea', '2016-11-09 13:29:58.000000'),
(1, 1, 'hi', '2016-11-09 19:37:48.000000'),
(1, 1, 'hi', '2016-11-09 19:37:50.000000'),
(1, 1, 'ji', '2016-11-09 19:38:08.000000'),
(1, 1, 'ji', '2016-11-09 19:38:33.000000'),
(23, 1, 'asd', '2016-11-09 19:39:28.000000'),
(23, 1, 'hiya', '2016-11-09 19:39:33.000000'),
(1, 1, 'Working?', '2016-11-09 19:40:04.000000'),
(1, 1, 'Working?', '2016-11-09 19:40:06.000000'),
(1, 1, 'Working?', '2016-11-09 19:40:06.000000'),
(1, 1, 'Working?', '2016-11-09 19:40:07.000000'),
(1, 1, 'Working?', '2016-11-09 19:40:07.000000'),
(1, 1, 'Working?', '2016-11-09 19:40:07.000000'),
(1, 1, 'Working?asd', '2016-11-09 19:40:08.000000'),
(1, 1, 'Working?asd', '2016-11-09 19:40:09.000000'),
(1, 1, 'Working?asd', '2016-11-09 19:40:09.000000'),
(1, 1, 'Working?asd', '2016-11-09 19:40:09.000000'),
(1, 1, 'Working?asd', '2016-11-09 19:40:12.000000'),
(1, 1, 'Working?asd', '2016-11-09 19:40:12.000000'),
(23, 1, 'asd', '2016-11-09 19:40:40.000000'),
(23, 1, 'Working', '2016-11-09 19:40:46.000000'),
(23, 1, 'Oh', '2016-11-09 19:41:02.000000'),
(1, 1, 'Oh?', '2016-11-09 19:42:58.000000'),
(23, 1, 'Yea!', '2016-11-09 19:43:06.000000'),
(1, 1, 'Greetngsd!', '2016-11-09 19:44:36.000000'),
(23, 1, 'Test', '2016-11-09 19:45:13.000000'),
(23, 1, 'asd', '2016-11-09 19:45:30.000000'),
(1, 1, 'YTes', '2016-11-09 19:46:03.000000'),
(24, 1, 'GREETINGS!', '2016-11-09 19:59:52.000000'),
(24, 3, 'sup', '2016-11-09 20:06:46.000000'),
(28, 3, 'public yay!', '2016-11-09 20:32:41.000000'),
(1, 4, 'GREETINGS!', '2016-11-10 23:51:04.000000'),
(1, 2, 'BANZAI', '2016-11-10 23:51:50.000000'),
(30, 2, 'Trump!', '2016-11-11 00:38:58.000000'),
(30, 1, 'You', '2016-11-11 00:39:05.000000'),
(28, 2, 'Im logged in now stupid', '2016-11-11 00:56:07.000000'),
(1, 2, 'asd', '2016-11-13 22:34:43.000000'),
(1, 2, 'Greetings!', '2016-11-13 23:40:44.000000');

-- --------------------------------------------------------

--
-- Table structure for table `chatlobby`
--

CREATE TABLE `chatlobby` (
  `lobbyId` int(5) NOT NULL,
  `ownerId` int(5) NOT NULL,
  `name` varchar(50) NOT NULL,
  `public` bit(1) NOT NULL DEFAULT b'1' COMMENT '0 = Public 1= private'
) ENGINE=InnoDB DEFAULT CHARSET=latin1;

--
-- Dumping data for table `chatlobby`
--

INSERT INTO `chatlobby` (`lobbyId`, `ownerId`, `name`, `public`) VALUES
(1, 1, 'TestRoom', b'0'),
(2, 1, 'Admins room', b'1'),
(23, 1, 'Bills board', b'1'),
(24, 1, 'Fourth Board', b'0'),
(25, 1, 'Public board five!', b'0'),
(26, 1, 'Public board six', b'0'),
(27, 1, 'PorFavor', b'0'),
(28, 1, 'Public please?', b'1'),
(29, 1, 'Private please!', b'0'),
(30, 1, 'Admins Private Board', b'0');

-- --------------------------------------------------------

--
-- Table structure for table `chatusers`
--

CREATE TABLE `chatusers` (
  `lobbyId` int(11) NOT NULL,
  `userId` int(11) NOT NULL
) ENGINE=InnoDB DEFAULT CHARSET=latin1;

--
-- Dumping data for table `chatusers`
--

INSERT INTO `chatusers` (`lobbyId`, `userId`) VALUES
(1, 2),
(2, 2),
(23, 2),
(23, 3),
(23, 4),
(24, 1),
(24, 3),
(24, 4),
(23, 1),
(1, 3),
(24, 3),
(1, 1),
(25, 1),
(26, 1),
(27, 1),
(28, 1),
(29, 1),
(29, 3),
(30, 1),
(30, 2);

-- --------------------------------------------------------

--
-- Table structure for table `invites`
--

CREATE TABLE `invites` (
  `boardId` int(11) NOT NULL,
  `lobbyId` int(11) NOT NULL,
  `inviter` int(11) NOT NULL,
  `invitee` int(11) NOT NULL,
  `accepted` tinyint(1) NOT NULL DEFAULT '0',
  `datetime` datetime NOT NULL DEFAULT CURRENT_TIMESTAMP
) ENGINE=InnoDB DEFAULT CHARSET=latin1;

--
-- Dumping data for table `invites`
--

INSERT INTO `invites` (`boardId`, `lobbyId`, `inviter`, `invitee`, `accepted`, `datetime`) VALUES
(1, 1, 3, 2, 1, '2016-11-08 17:39:16'),
(2, 2, 3, 2, 1, '2016-11-08 17:39:25'),
(8, 23, 3, 2, 1, '2016-11-08 17:39:46'),
(8, 23, 2, 3, 1, '2016-11-09 08:28:08'),
(8, 23, 2, 4, 1, '2016-11-09 08:28:11'),
(8, 23, 4, 1, 1, '2016-11-09 15:17:30'),
(1, 1, 1, 3, 1, '2016-11-09 15:18:45'),
(1, 1, 3, 1, 1, '2016-11-09 15:20:15'),
(14, 29, 1, 3, 1, '2016-11-09 15:43:25'),
(15, 30, 1, 2, 1, '2016-11-10 19:38:27');

-- --------------------------------------------------------

--
-- Table structure for table `users`
--

CREATE TABLE `users` (
  `userId` int(5) NOT NULL,
  `username` varchar(20) NOT NULL,
  `password` varchar(50) NOT NULL,
  `status` tinyint(1) NOT NULL DEFAULT '0' COMMENT '0=Off 1=Online'
) ENGINE=InnoDB DEFAULT CHARSET=latin1;

--
-- Dumping data for table `users`
--

INSERT INTO `users` (`userId`, `username`, `password`, `status`) VALUES
(1, 'admin', '21232f297a57a5a743894a0e4a801fc3', 1),
(2, 'root', 'a6b9e3d1afcb575dbe75a922f2e1556a', 1),
(3, 'tom', '34b7da764b21d298ef307d04d8152dc5', 0),
(4, 'Bill', 'e8375d7cd983efcbf956da5937050ffc', 1);

-- --------------------------------------------------------

--
-- Table structure for table `whiteboard`
--

CREATE TABLE `whiteboard` (
  `boardId` int(11) NOT NULL,
  `ownerId` int(11) NOT NULL,
  `lobbyId` int(11) NOT NULL,
  `name` varchar(20) NOT NULL,
  `public` tinyint(1) NOT NULL DEFAULT '1' COMMENT 'True=Public False=Private',
  `locked` tinyint(1) DEFAULT '0',
  `userId` int(11) DEFAULT NULL,
  `timelock` datetime DEFAULT NULL
) ENGINE=InnoDB DEFAULT CHARSET=latin1;

--
-- Dumping data for table `whiteboard`
--

INSERT INTO `whiteboard` (`boardId`, `ownerId`, `lobbyId`, `name`, `public`, `locked`, `userId`, `timelock`) VALUES
(1, 1, 1, 'First Whiteboard!', 1, NULL, NULL, NULL),
(2, 3, 2, 'Tom\'s Board', 0, NULL, NULL, NULL),
(8, 1, 23, 'Bills board', 1, NULL, NULL, NULL),
(13, 1, 28, 'Public please?', 1, NULL, NULL, NULL),
(14, 1, 29, 'Private please!', 0, 0, 0, NULL),
(15, 1, 30, 'Admins Private Board', 0, NULL, NULL, NULL);

-- --------------------------------------------------------

--
-- Table structure for table `whiteboarddata`
--

CREATE TABLE `whiteboarddata` (
  `boardId` int(5) NOT NULL,
  `shape` varchar(20) NOT NULL,
  `points` varchar(5000) NOT NULL,
  `time` datetime NOT NULL DEFAULT CURRENT_TIMESTAMP,
  `userid` int(19) NOT NULL,
  `strokeId` varchar(15) NOT NULL
) ENGINE=InnoDB DEFAULT CHARSET=latin1;

--
-- Dumping data for table `whiteboarddata`
--

INSERT INTO `whiteboarddata` (`boardId`, `shape`, `points`, `time`, `userid`, `strokeId`) VALUES
(2, 'path', 'M91,92 L92,92 L93,92 L94,92 L96,92 L98,92 L99,92 L103,93 L105,93 L107,94 L113,95 L116,96 L118,97 L123,98 L126,100 L130,101 L138,104 L140,105 L144,107 L153,111 L156,112 L159,114 L167,119 L169,120 L171,121 L175,125 L177,125 L178,127 L180,129 L180,130 L180,131 L181,132 L181,133 L182,133 L182,135 L182,136 L182,137 L182,139 L182,140 L182,142 L182,143 L182,144 L181,146 L181,149 L180,150 L178,152 L178,156 L176,157 L176,158 L174,163 L173,165 L172,166 L170,170 L169,172 L168,173 L166,175 L166,177 L165,177 L164,180 L164,181 L163,183 L162,185 L162,186 L161,188 L160,190 L160,191 L160,192 L160,194 L160,196 L159,198 L159,199 L158,200 L158,203 L158,204 L158,205 L158,207 L158,208 L158,209 L158,211 L158,212 L157,213 L157,214 L157,215 L157,215', '2016-11-06 15:20:40', 2, '1478463640457'),
(2, 'path', 'M262,100 L262,100', '2016-11-06 17:35:26', 2, '1478471726811'),
(2, 'path', 'M155,24 L156,24 L157,24 L158,24 L159,24 L161,24 L162,24 L163,25 L164,25 L165,26 L166,26 L166,27 L167,27 L167,28 L167,29 L168,29 L168,30 L168,31 L168,32 L168,33 L168,34 L168,35 L168,36 L168,37 L168,38 L169,38 L170,38 L173,38 L175,39 L177,40 L179,41 L181,41 L183,42 L183,43 L185,43 L185,44 L186,44 L186,45 L186,46 L186,47 L186,49 L186,50 L186,51 L186,52 L186,53 L186,54 L186,55 L186,55', '2016-11-06 17:35:33', 2, '1478471733737'),
(2, 'path', 'M290,86 L290,85 L291,85 L292,84 L293,84 L294,83 L297,83 L299,83 L301,83 L302,83 L304,83 L305,83 L306,83 L307,83 L308,83 L309,85 L310,86 L310,87 L310,88 L310,90 L310,91 L310,92 L310,93 L309,95 L309,96 L309,97 L308,98 L307,99 L307,100 L307,101 L306,101 L306,102 L307,102 L308,102 L309,102 L310,103 L312,104 L313,105 L313,106 L313,108 L313,109 L313,110 L313,112 L313,114 L313,116 L313,118 L313,119 L313,121 L312,124 L311,125 L310,126 L309,128 L309,129 L308,130 L307,131 L307,132 L306,132 L306,133 L305,133 L305,134 L304,134 L303,134 L303,135 L300,136 L299,138 L296,139 L294,140 L293,141 L291,142 L291,143 L290,143 L289,143 L289,144 L288,144 L287,144 L286,144 L285,144 L284,144 L283,144 L283,143 L282,142 L282,141 L280,141 L279,140 L278,140 L278,139 L277,139 L276,138 L275,138 L274,138 L273,138 L273,139 L272,139 L272,140 L271,140 L271,142 L270,142 L270,143 L270,145 L270,146 L270,147 L270,148 L270,149 L270,150 L270,151 L270,152 L270,153 L271,153 L272,155 L273,156 L275,156 L276,156 L277,156 L279,157 L280,157 L281,157 L282,158 L283,158 L284,158 L285,158 L286,158 L287,158 L287,159 L288,159 L288,160 L288,161 L288,162 L288,164 L288,165 L288,166 L288,167 L288,169 L288,170 L288,171 L288,173 L287,174 L286,175 L284,177 L282,178 L280,179 L278,181 L276,181 L274,182 L272,183 L270,184 L268,184 L266,185 L265,185 L264,186 L262,186 L261,186 L260,187 L259,187 L258,187 L258,188 L257,188 L256,188 L255,189 L254,189 L253,189 L252,189 L250,188 L250,186 L249,184 L249,182 L249,181 L249,179 L249,177 L249,175 L249,174 L249,173 L250,171 L250,170 L250,169 L251,168 L251,167 L253,163 L254,161 L254,160 L255,158 L256,155 L257,153 L257,151 L257,150 L258,148 L258,147 L259,146 L259,144 L259,142 L259,140 L259,139 L259,138 L259,136 L259,134 L259,132 L259,131 L259,130 L259,129 L259,128 L260,128 L260,128', '2016-11-06 17:35:54', 2, '1478471754157'),
(2, 'path', 'M303,303 L304,303 L305,303 L306,303 L307,303 L308,303 L309,303 L307,303 L300,306 L289,311 L277,315 L264,320 L255,323 L248,324 L244,325 L242,325 L244,320 L249,314 L259,305 L269,297 L277,291 L283,286 L288,282 L290,280 L291,279 L292,279 L293,278 L293,277 L289,276 L280,276 L265,276 L250,277 L237,280 L227,282 L222,283 L217,284 L216,284 L215,284 L217,284 L221,280 L236,269 L240,266 L242,264 L243,263 L244,263 L245,262 L242,263 L236,264 L230,266 L224,269 L221,271 L219,272 L217,273 L216,273 L219,271 L224,266 L227,262 L231,258 L233,256 L235,254 L236,252 L236,251 L235,251 L232,251 L229,251 L227,253 L225,253 L224,254 L222,255 L221,255 L220,256 L220,256', '2016-11-06 17:36:15', 2, '1478471775146'),
(2, 'path', 'M11,212 L12,212 L13,212 L14,211 L17,209 L21,208 L27,206 L34,204 L39,202 L45,201 L50,201 L53,201 L55,201 L56,201 L57,201 L57,202 L57,203 L57,204 L57,205 L57,207 L57,208 L57,209 L56,211 L55,212 L55,214 L54,216 L53,218 L52,222 L49,234 L49,238 L49,241 L49,244 L49,245 L49,246 L55,247 L63,247 L72,247 L85,247 L97,247 L106,245 L110,243 L113,242 L115,242 L116,241 L115,244 L112,246 L111,249 L108,254 L105,259 L101,265 L98,270 L95,276 L92,282 L91,286 L90,288 L89,290 L89,291 L89,292 L89,292', '2016-11-06 17:36:57', 4, '1478471817662'),
(2, 'path', 'M58,105 L60,105 L62,106 L64,107 L66,108 L69,110 L72,110 L74,111 L76,112 L77,112 L79,113 L80,114 L81,114 L82,114 L83,115 L84,116 L85,117 L86,118 L86,119 L87,120 L87,121 L88,122 L89,124 L90,125 L90,127 L92,128 L93,130 L95,131 L96,132 L99,135 L101,136 L104,138 L109,141 L113,144 L118,147 L122,150 L125,152 L127,155 L130,156 L132,158 L133,159 L134,160 L135,161 L135,162 L135,164 L135,165 L135,166 L136,167 L136,168 L136,169 L137,169 L138,170 L138,170', '2016-11-06 17:37:04', 4, '1478471824003'),
(2, 'path', 'M269,166 L269,166 L269,166', '2016-11-06 17:37:24', 2, '1478471844161'),
(2, 'path', 'M252,52 L252,52', '2016-11-06 17:37:52', 2, '1478471872824'),
(2, 'path', 'M293,39 L295,38 L296,38 L297,38 L298,38 L299,38 L301,38 L302,38 L302,39 L302,40 L302,41 L302,43 L303,44 L304,47 L304,48 L306,50 L308,51 L312,55 L315,57 L318,59 L321,61 L323,62 L324,63 L325,63 L325,64 L326,64 L326,65 L327,65 L328,65 L329,65 L331,65 L331,65', '2016-11-06 17:37:54', 2, '1478471874176'),
(2, 'path', 'M336,160 L335,160 L337,157 L341,151 L346,142 L352,131 L356,119 L360,109 L363,99 L365,91 L366,84 L366,79 L366,77 L366,75 L366,74 L366,73 L364,73 L362,73 L359,73 L356,74 L354,75 L352,76 L350,77 L349,78 L348,78 L348,79 L349,79 L350,79 L350,79', '2016-11-06 17:37:55', 2, '1478471875605'),
(9, 'path', 'M105,89 L105,88 L106,88 L108,87 L110,87 L111,86 L115,86 L116,86 L125,86 L127,86 L129,86 L135,86 L137,86 L140,86 L146,86 L151,87 L153,88 L156,88 L159,89 L160,89 L161,90 L162,91 L163,91 L163,92 L163,93 L163,94 L163,95 L163,96 L162,98 L159,101 L159,102 L154,106 L153,106 L151,108 L148,110 L147,111 L145,112 L142,114 L141,115 L140,115 L138,116 L138,117 L137,117 L136,118 L138,118 L139,118 L141,119 L147,120 L149,121 L152,121 L160,124 L163,124 L168,125 L175,128 L178,130 L180,131 L185,134 L185,135 L187,135 L187,137 L187,138 L188,139 L188,140 L188,141 L188,142 L188,144 L188,145 L188,147 L187,149 L186,150 L183,153 L183,154 L180,155 L176,157 L173,158 L171,159 L163,161 L160,163 L156,164 L145,167 L140,168 L136,169 L128,172 L119,174 L115,176 L112,176 L111,177 L110,177 L110,177', '2016-11-09 14:59:54', 1, '1478721594212'),
(9, 'path', 'M318,105 L318,105 L319,105 L320,105 L321,105 L323,105 L325,105 L331,104 L333,104 L336,104 L343,104 L347,104 L350,104 L358,105 L361,106 L363,107 L368,109 L369,109 L371,111 L372,112 L372,113 L372,114 L372,115 L372,117 L369,118 L366,119 L364,120 L360,121 L358,122 L356,123 L350,125 L347,125 L345,126 L342,128 L340,128 L339,129 L339,130 L339,131 L340,132 L342,133 L344,134 L350,137 L359,141 L368,145 L380,151 L389,158 L394,160 L396,162 L403,167 L405,168 L407,169 L409,173 L410,174 L410,178 L410,179 L410,180 L410,181 L410,182 L409,184 L409,185 L408,185 L405,186 L404,187 L401,187 L399,187 L398,187 L394,187 L391,187 L388,187 L387,187 L386,187 L383,187 L382,187 L381,187 L380,187 L380,187', '2016-11-09 15:06:22', 3, '1478721982516'),
(9, 'path', 'M224,51 L224,51 L224,50 L224,49 L224,48 L224,46 L224,45 L225,43 L225,40 L226,39 L226,38 L227,37 L229,35 L230,34 L230,33 L231,33 L233,33 L234,32 L235,32 L236,32 L237,32 L239,32 L240,32 L242,32 L243,32 L244,32 L245,32 L246,32 L246,33 L246,34 L246,35 L247,35 L247,36 L247,37 L248,38 L248,39 L248,41 L248,42 L248,43 L248,44 L248,45 L248,46 L248,47 L249,47 L250,46 L251,45 L253,42 L255,40 L257,39 L260,36 L262,35 L263,34 L266,33 L267,32 L268,32 L269,31 L270,31 L272,31 L273,31 L273,30 L274,30 L275,30 L275,31 L275,32 L275,33 L275,34 L275,36 L275,37 L275,39 L275,40 L275,41 L275,42 L275,43 L275,44 L275,44', '2016-11-09 15:06:26', 1, '1478721986147'),
(2, 'path', 'M390,286 L396,286 L404,286 L413,285 L421,285 L431,284 L441,284 L449,284 L456,284 L461,284 L463,284 L464,284 L465,284 L466,284 L468,285 L468,286 L469,287 L470,289 L470,290 L470,292 L470,295 L470,296 L471,297 L471,298 L471,300 L471,301 L471,303 L469,305 L468,306 L465,307 L464,308 L463,309 L461,309 L460,310 L459,310 L458,310 L457,310 L454,310 L454,310', '2016-11-10 14:03:09', 2, '1478804589418'),
(2, 'path', 'M157,4 L157,4', '2016-11-10 18:48:39', 2, '1478821719712'),
(15, 'path', 'M239,45 L242,45 L244,45 L248,45 L252,45 L256,45 L259,45 L261,45 L263,45 L264,45 L265,45 L266,45 L266,47 L266,50 L264,55 L260,63 L256,72 L251,79 L248,83 L246,86 L245,88 L244,89 L248,89 L257,88 L267,87 L278,86 L286,86 L293,86 L297,86 L299,86 L301,87 L301,88 L301,89 L301,91 L301,96 L297,100 L292,107 L287,112 L283,115 L280,119 L278,120 L278,121 L277,121 L277,122 L278,122 L286,123 L300,127 L312,131 L328,137 L338,142 L344,146 L348,148 L349,151 L350,153 L351,156 L351,159 L351,163 L347,169 L339,177 L330,184 L320,192 L310,199 L300,206 L288,213 L277,219 L264,225 L253,228 L242,231 L233,232 L233,232', '2016-11-10 19:39:10', 1, '1478824750739'),
(15, 'path', 'M421,70 L422,69 L423,68 L425,67 L430,66 L437,64 L446,63 L454,63 L460,63 L465,64 L468,66 L471,71 L473,79 L473,90 L469,106 L463,123 L453,139 L447,149 L442,156 L438,160 L436,162 L435,163 L437,163 L446,162 L463,161 L477,161 L488,161 L496,161 L501,163 L502,164 L503,165 L503,166 L503,169 L503,172 L502,173 L501,175 L500,176 L501,176 L504,177 L507,177 L509,179 L510,179 L510,180 L511,182 L511,184 L509,188 L501,195 L488,200 L477,205 L472,206 L467,207 L466,207 L467,206 L470,203 L478,200 L485,198 L491,198 L494,198 L495,198 L496,198 L496,200 L492,203 L472,210 L430,215 L392,215 L361,211 L338,204 L329,199 L321,193 L318,186 L316,178 L316,167 L318,158 L325,150 L335,144 L347,138 L359,135 L370,135 L377,135 L380,135 L382,137 L383,141 L383,144 L382,147 L378,150 L372,153 L367,154 L365,154 L364,154 L364,153 L364,152 L370,150 L376,150 L383,150 L388,153 L392,157 L397,164 L401,175 L403,185 L405,193 L405,193', '2016-11-10 19:39:40', 2, '1478824780566'),
(15, 'path', 'M161,190 L162,188 L161,188 L160,191 L158,196 L156,202 L156,208 L157,214 L163,220 L186,233 L226,242 L266,248 L293,249 L310,249 L319,249 L323,249 L324,249 L324,250 L323,253 L314,261 L300,274 L285,288 L278,293 L273,297 L272,298 L271,299 L277,297 L289,291 L301,285 L311,282 L315,281 L318,281 L320,281 L320,282 L321,286 L321,292 L319,302 L316,309 L313,315 L310,320 L309,321 L308,322 L308,323 L308,323', '2016-11-10 19:39:43', 1, '1478824783600'),
(15, 'path', 'M25,53 L25,52 L26,52 L27,51 L30,50 L37,48 L45,46 L52,46 L59,46 L63,46 L65,46 L67,46 L68,47 L68,48 L68,51 L68,54 L65,58 L61,63 L59,67 L57,69 L56,71 L54,72 L54,73 L56,73 L68,74 L89,77 L118,81 L137,87 L148,90 L154,94 L157,97 L159,99 L161,104 L161,112 L159,121 L153,131 L145,141 L138,149 L130,156 L124,161 L120,164 L118,167 L117,167 L116,168 L116,169 L116,169', '2016-11-10 19:40:10', 2, '1478824810220'),
(15, 'path', 'M91,252 L92,252 L98,252 L109,252 L127,252 L148,256 L163,258 L174,261 L180,263 L183,265 L184,266 L185,268 L185,272 L182,283 L173,299 L155,324 L142,343 L134,352 L129,358 L126,361 L125,362 L129,361 L155,351 L201,340 L246,332 L280,329 L297,328 L307,328 L313,328 L315,328 L316,328 L317,330 L317,332 L317,334 L317,335 L317,336 L318,336 L319,337 L320,337 L324,337 L328,337 L334,337 L338,337 L340,337 L342,337 L343,337 L344,337 L345,338 L346,338 L346,339 L347,340 L347,341 L348,341 L349,341 L352,339 L354,335 L358,332 L358,331 L358,329 L358,327 L358,331 L355,331 L343,331 L318,327 L285,319 L260,309 L245,302 L235,296 L229,291 L225,287 L224,285 L223,284 L223,283 L222,283 L222,281 L223,280 L231,271 L275,237 L342,194 L408,166 L465,150 L501,145 L521,144 L532,144 L537,145 L539,148 L540,155 L538,166 L525,179 L483,215 L429,250 L376,279 L332,298 L301,308 L285,314 L277,315 L274,315 L272,315 L276,312 L306,302 L367,287 L422,283 L463,283 L485,283 L497,283 L502,283 L503,284 L499,285 L475,287 L433,282 L403,276 L386,269 L377,266 L374,263 L373,261 L373,257 L376,251 L387,242 L411,229 L428,224 L437,221 L443,220 L445,220 L443,221 L430,225 L417,230 L403,233 L395,234 L391,235 L389,235 L391,235 L402,230 L421,225 L442,221 L456,219 L464,219 L468,219 L470,219 L470,220 L470,222 L469,225 L463,230 L457,234 L453,237 L451,237 L451,238 L452,238 L459,236 L471,233 L485,229 L494,228 L499,227 L502,227 L503,227 L504,227 L504,230 L499,234 L492,240 L482,246 L471,251 L464,255 L458,256 L454,256 L452,256 L451,256 L451,254 L452,251 L454,250 L458,247 L463,244 L467,244 L469,243 L470,243 L471,243 L471,244 L471,249 L467,256 L459,264 L441,276 L422,283 L408,285 L398,286 L392,286 L390,286 L389,286 L389,285 L389,283 L389,281 L392,278 L397,276 L403,275 L407,275 L410,277 L413,279 L415,284 L416,291 L416,299 L414,306 L408,313 L402,320 L393,325 L385,327 L378,327 L373,327 L370,326 L368,324 L366,321 L366,315 L367,311 L369,307 L378,302 L391,300 L404,300 L412,300 L420,303 L425,308 L428,314 L430,321 L430,326 L428,332 L424,337 L414,343 L400,347 L386,347 L375,345 L366,339 L360,335 L357,331 L356,326 L356,321 L357,315 L360,311 L367,307 L378,304 L386,304 L393,304 L398,306 L400,306 L401,308 L402,308 L402,309 L400,309 L398,308 L396,305 L393,300 L392,294 L392,286 L396,276 L403,268 L418,257 L436,248 L448,246 L459,244 L464,244 L468,245 L469,246 L470,250 L470,254 L468,259 L458,266 L442,271 L430,273 L422,273 L418,273 L417,273 L416,271 L416,267 L421,261 L439,247 L465,234 L481,229 L492,226 L498,225 L500,225 L501,225 L494,228 L478,236 L459,241 L446,244 L438,246 L434,246 L432,246 L431,246 L431,243 L434,239 L443,231 L454,222 L465,215 L473,211 L476,209 L477,209 L477,211 L470,217 L457,227 L444,234 L434,237 L427,238 L424,238 L423,238 L423,236 L425,232 L437,222 L451,214 L460,209 L466,206 L468,206 L470,206 L470,207 L467,212 L460,220 L444,233 L429,245 L421,252 L413,257 L409,260 L405,262 L405,262', '2016-11-10 19:40:49', 1, '1478824849643'),
(15, 'path', 'M51,177 L51,176 L52,176 L54,176 L57,176 L61,176 L64,176 L68,176 L72,178 L75,180 L76,181 L78,183 L79,185 L79,186 L79,189 L79,191 L79,194 L79,196 L79,198 L79,199 L81,200 L85,200 L89,200 L93,200 L96,200 L99,201 L100,201 L101,201 L101,202 L102,203 L102,205 L102,208 L102,211 L101,213 L101,214 L101,215 L101,216 L102,216 L103,216 L104,216 L106,217 L107,219 L107,222 L107,226 L107,231 L106,237 L103,243 L100,249 L96,254 L93,260 L89,265 L85,271 L82,274 L78,279 L76,281 L73,283 L72,284 L71,285 L70,286 L69,286 L70,286 L72,283 L77,274 L88,259 L101,238 L117,209 L128,181 L136,158 L142,141 L146,130 L149,122 L151,115 L153,109 L155,105 L155,102 L155,98 L157,95 L159,88 L161,82 L164,75 L167,69 L170,63 L173,59 L174,55 L176,53 L177,51 L178,50 L179,49 L179,48 L180,48 L181,48 L183,48 L185,48 L190,49 L196,52 L206,57 L216,61 L228,67 L238,72 L249,78 L258,83 L264,87 L267,89 L269,91 L272,95 L273,98 L273,101 L273,105 L270,110 L262,116 L251,123 L242,127 L234,129 L232,129 L230,129 L232,127 L237,122 L246,116 L257,111 L267,107 L275,106 L282,105 L286,105 L289,105 L291,105 L292,105 L293,105 L295,105 L296,106 L299,107 L302,108 L302,108', '2016-11-10 19:41:21', 1, '1478824881592'),
(15, 'path', 'M339,130 L342,130 L343,130 L344,130 L345,130 L346,130 L348,130 L353,130 L359,130 L366,130 L374,130 L380,131 L383,131 L385,132 L387,133 L388,134 L388,137 L388,141 L388,146 L387,150 L385,154 L383,157 L382,159 L382,160 L384,160 L390,159 L398,157 L404,156 L409,155 L411,155 L414,155 L415,155 L416,156 L416,160 L416,164 L415,170 L411,177 L408,183 L406,188 L406,190 L406,191 L408,191 L412,191 L416,191 L420,191 L423,191 L425,191 L426,191 L427,192 L428,194 L428,196 L428,200 L427,204 L426,208 L423,211 L421,213 L420,216 L420,216', '2016-11-10 19:42:16', 1, '1478824936602'),
(13, 'path', 'M213,140 L213,137 L213,134 L212,129 L211,121 L210,110 L210,97 L212,82 L217,69 L223,60 L233,52 L247,48 L260,48 L272,52 L283,61 L295,82 L307,115 L314,152 L314,185 L314,207 L312,220 L307,229 L304,233 L302,236 L301,237 L300,237 L304,232 L326,215 L361,191 L390,176 L410,168 L421,165 L425,165 L427,165 L428,166 L427,173 L420,186 L406,201 L392,216 L380,227 L373,232 L369,235 L368,235 L374,232 L398,220 L426,210 L448,203 L457,202 L464,202 L466,202 L467,202 L467,206 L464,212 L451,223 L426,240 L405,252 L405,252', '2016-11-10 19:56:02', 2, '1478825762099'),
(1, 'path', 'M288,85 L289,85 L292,85 L294,85 L296,85 L302,85 L305,85 L308,85 L316,85 L320,85 L324,85 L335,86 L340,87 L343,87 L352,90 L355,90 L358,91 L364,94 L368,96 L369,96 L373,99 L374,100 L375,101 L376,104 L377,104 L377,106 L377,109 L377,110 L377,111 L377,114 L377,115 L377,117 L374,121 L373,122 L371,124 L368,127 L365,128 L363,130 L356,132 L353,134 L350,135 L339,139 L334,140 L315,145 L311,146 L306,147 L297,148 L292,149 L289,149 L282,151 L279,153 L276,153 L269,154 L267,155 L265,155 L260,157 L257,158 L250,159 L248,159 L246,160 L245,160 L244,161 L243,161 L243,161', '2016-11-13 17:17:16', 2, '1479075436175'),
(1, 'path', 'M418,77 L417,77 L416,78 L415,80 L414,81 L413,82 L411,86 L410,88 L409,90 L407,93 L406,94 L404,97 L402,101 L401,103 L400,105 L400,109 L399,110 L399,111 L398,115 L398,117 L398,118 L398,122 L398,123 L399,125 L402,129 L403,131 L406,134 L413,140 L415,142 L419,145 L426,151 L430,154 L433,156 L441,162 L442,164 L443,165 L448,168 L448,169 L450,170 L452,172 L453,174 L454,176 L455,177 L455,179 L455,180 L455,181 L455,183 L455,184 L455,185 L455,187 L455,189 L455,191 L452,194 L452,195 L451,198 L448,201 L446,203 L445,204 L440,207 L438,208 L437,209 L431,214 L428,216 L426,217 L419,220 L418,220 L416,221 L414,222 L412,222 L410,224 L407,224 L407,224', '2016-11-13 17:17:18', 2, '1479075438536'),
(1, 'path', 'M178,138 L176,138 L175,138 L175,139 L174,139 L174,140 L172,141 L172,142 L171,142 L170,144 L169,146 L168,146 L166,148 L165,150 L164,151 L162,153 L162,154 L161,154 L161,156 L161,157 L160,158 L160,159 L160,161 L160,163 L160,165 L163,167 L165,169 L170,173 L174,176 L178,177 L181,178 L189,181 L191,182 L194,183 L203,186 L206,187 L209,188 L215,190 L217,190 L219,191 L222,193 L224,193 L224,194 L225,195 L226,195 L226,196 L227,196 L227,197 L228,199 L228,200 L229,203 L230,204 L230,205 L231,207 L232,208 L232,209 L232,211 L232,212 L233,214 L233,215 L234,216 L234,217 L234,218 L234,219 L235,219 L235,220 L235,221 L235,222 L235,223 L234,223 L232,223 L230,223 L229,223 L228,224 L226,224 L225,224 L222,224 L221,225 L220,225 L218,226 L217,226 L216,226 L215,226 L214,226 L213,226 L212,226 L211,226 L210,226 L209,226 L208,226 L205,225 L201,224 L196,224 L189,223 L182,222 L180,221 L178,221 L172,220 L170,219 L168,219 L163,218 L159,218 L156,217 L152,217 L150,216 L147,216 L145,215 L144,215 L143,215 L143,214 L142,214 L142,214', '2016-11-13 17:18:14', 2, '1479075494547'),
(2, 'path', 'M448,22 L449,22 L450,22 L451,22 L454,22 L456,22 L459,23 L466,25 L469,26 L474,27 L482,30 L486,32 L490,34 L498,37 L503,39 L504,40 L510,44 L511,45 L512,47 L515,50 L516,51 L516,52 L517,54 L517,56 L517,59 L517,60 L517,61 L517,63 L516,65 L515,66 L513,69 L512,71 L511,72 L509,76 L507,77 L506,78 L504,81 L502,82 L501,83 L498,85 L496,87 L495,88 L492,90 L491,91 L485,94 L484,95 L483,96 L483,97 L483,97', '2016-11-13 17:18:37', 2, '1479075517335'),
(1, 'path', 'M161,-16 L198,-2 L199,-1 L200,0 L201,2 L201,3 L201,4 L201,7 L201,9 L201,11 L201,17 L200,20 L198,23 L194,30 L193,33 L190,35 L185,41 L183,43 L181,46 L176,49 L174,52 L172,53 L168,56 L166,58 L163,61 L162,61 L162,62 L161,62 L160,63 L159,63 L159,64 L159,64', '2016-11-13 17:19:44', 2, '1479075584388'),
(1, 'path', 'M499,-4 L487,-1 L486,-1 L484,0 L482,2 L480,2 L478,6 L477,7 L476,8 L475,10 L474,11 L474,12 L474,14 L474,15 L474,17 L475,19 L475,20 L477,23 L478,25 L478,26 L481,29 L482,31 L484,33 L486,36 L490,41 L492,43 L496,47 L499,50 L500,51 L501,53 L504,55 L505,56 L507,57 L509,58 L510,59 L511,60 L513,62 L514,63 L515,64 L516,65 L517,66 L519,68 L520,68 L520,69 L521,70 L522,71 L522,71', '2016-11-13 17:20:29', 2, '1479075629739'),
(1, 'path', 'M526,112 L526,112', '2016-11-13 17:21:51', 2, '1479075711703'),
(2, 'path', 'M102,43 L102,43', '2016-11-13 17:22:01', 2, '1479075721767'),
(1, 'path', 'M563,109 L563,110 L562,111 L561,112 L560,112 L559,114 L557,115 L557,116 L556,116 L554,118 L553,120 L552,121 L550,125 L549,127 L549,128 L547,132 L547,134 L546,135 L546,139 L546,140 L546,142 L546,146 L546,149 L546,151 L547,154 L549,155 L550,158 L554,162 L554,163 L556,165 L560,169 L562,171 L565,174 L569,177 L570,179 L572,180 L575,183 L576,184 L577,186 L578,186 L578,188 L578,189 L578,190 L578,191 L578,192 L577,193 L576,193 L576,194 L574,194 L572,195 L571,195 L570,196 L566,197 L565,197 L562,198 L554,199 L552,200 L544,200 L542,200 L540,201 L536,201 L535,201 L534,201 L531,202 L530,202 L529,202 L528,203 L528,203', '2016-11-13 17:23:31', 2, '1479075811529'),
(1, 'path', 'M136,278 L137,278 L138,278 L140,278 L142,278 L143,278 L144,278 L146,278 L148,278 L151,278 L152,279 L154,279 L157,280 L158,280 L160,281 L164,281 L166,282 L167,283 L171,285 L173,285 L175,286 L179,288 L180,288 L183,290 L187,291 L188,293 L190,294 L195,296 L196,298 L198,298 L202,300 L203,301 L204,302 L207,304 L208,305 L209,306 L212,307 L213,308 L214,309 L217,309 L219,310 L220,311 L224,312 L226,312 L229,314 L234,315 L237,315 L240,316 L249,317 L254,317 L258,317 L270,317 L275,317 L280,317 L292,317 L297,317 L302,316 L313,315 L318,315 L323,314 L334,312 L338,311 L341,311 L347,310 L350,309 L353,308 L354,308 L355,308 L356,308 L356,307 L356,307', '2016-11-13 17:24:33', 2, '1479075873755'),
(1, 'path', 'M621,221 L621,221', '2016-11-13 17:31:15', 2, '1479076275183'),
(1, 'path', 'M503,250 L503,250', '2016-11-13 17:33:42', 2, '1479076422971'),
(1, 'path', 'M98,169 L97,169 L97,170 L95,172 L95,173 L94,173 L91,176 L91,178 L90,180 L86,185 L85,187 L83,190 L81,196 L80,197 L79,199 L78,203 L78,205 L78,207 L78,212 L78,214 L78,216 L81,221 L82,224 L83,227 L87,234 L89,236 L90,240 L93,244 L94,247 L95,250 L98,254 L99,255 L99,257 L100,262 L100,263 L100,265 L100,269 L100,270 L100,272 L99,278 L99,280 L97,283 L94,290 L92,293 L92,296 L87,303 L86,305 L84,307 L81,311 L80,313 L79,314 L78,316 L77,317 L77,318 L77,319 L77,320 L77,321 L77,321', '2016-11-13 17:33:45', 2, '1479076425169'),
(1, 'path', 'M246,50 L245,50 L244,50 L243,50 L242,50 L239,50 L238,50 L235,50 L233,50 L230,50 L228,50 L224,50 L222,50 L220,50 L215,50 L213,51 L211,51 L207,53 L206,53 L204,53 L200,55 L198,56 L197,56 L195,57 L193,58 L191,60 L189,60 L189,61 L187,62 L187,64 L186,64 L186,65 L185,66 L184,67 L184,68 L184,69 L183,70 L183,71 L183,72 L183,73 L183,74 L183,75 L183,76 L183,77 L183,80 L184,81 L184,82 L186,85 L188,86 L190,88 L194,91 L202,95 L210,101 L219,104 L227,108 L236,112 L239,114 L241,115 L248,119 L249,119 L251,120 L254,122 L256,123 L257,124 L259,125 L259,126 L260,126 L261,127 L261,128 L262,129 L262,130 L262,131 L262,132 L262,133 L262,134 L262,136 L262,138 L262,140 L261,141 L259,145 L257,147 L256,148 L251,152 L249,153 L247,155 L243,157 L239,159 L237,161 L231,163 L227,164 L225,166 L218,167 L215,168 L212,169 L202,170 L199,170 L195,170 L186,170 L183,170 L180,170 L172,169 L161,166 L152,163 L149,161 L146,160 L136,156 L133,154 L131,153 L126,149 L125,148 L124,146 L122,141 L122,139 L122,138 L122,135 L122,133 L122,132 L122,127 L123,126 L123,126', '2016-11-13 18:48:34', 2, '1479080914097'),
(15, 'path', 'M571,37 L570,37 L569,37 L568,37 L566,37 L565,37 L563,37 L562,37 L560,37 L559,37 L558,37 L556,37 L555,37 L552,37 L551,38 L549,38 L548,38 L548,39 L546,39 L545,40 L544,40 L543,40 L542,40 L542,41 L541,41 L540,42 L539,42 L539,43 L538,44 L538,45 L537,46 L537,47 L537,49 L537,50 L537,51 L537,52 L537,55 L537,56 L538,58 L540,61 L541,62 L543,64 L546,67 L548,69 L551,70 L555,74 L557,74 L559,76 L564,78 L565,79 L567,80 L570,81 L571,82 L572,83 L573,84 L574,84 L575,85 L575,86 L574,86 L574,87 L572,87 L567,89 L565,89 L562,89 L554,90 L551,91 L546,92 L536,94 L532,95 L519,98 L515,99 L512,100 L505,101 L503,102 L501,102 L498,103 L496,103 L495,104 L494,105 L493,105 L493,106 L494,106 L496,107 L498,108 L500,108 L505,110 L511,112 L517,113 L519,114 L521,114 L526,115 L528,115 L530,116 L533,117 L534,117 L535,117 L536,117 L536,118 L537,118 L537,118', '2016-11-13 19:12:15', 2, '1479082335540'),
(1, 'path', 'M407,47 L404,47 L404,46 L402,46 L401,46 L400,46 L399,46 L398,46 L396,46 L395,46 L393,46 L392,46 L391,46 L390,46 L389,46 L388,46 L387,46 L384,47 L383,47 L382,47 L381,48 L379,49 L377,50 L376,50 L376,51 L374,52 L374,53 L373,54 L372,55 L372,56 L371,56 L371,57 L371,59 L370,60 L369,62 L369,63 L369,64 L369,67 L368,67 L368,68 L368,71 L368,72 L368,73 L368,75 L369,77 L369,78 L370,80 L371,81 L371,82 L373,84 L373,85 L374,87 L375,89 L376,90 L377,92 L378,95 L379,96 L379,98 L380,100 L381,101 L382,102 L382,105 L383,106 L384,109 L385,110 L386,113 L386,115 L386,116 L388,119 L388,121 L388,122 L390,125 L390,126 L391,127 L391,129 L391,131 L392,133 L393,135 L393,136 L393,137 L393,138 L393,140 L393,141 L394,142 L394,143 L394,144 L394,145 L394,146 L394,147 L394,148 L394,149 L394,151 L393,151 L393,152 L393,153 L393,154 L392,155 L392,156 L391,157 L391,158 L390,158 L390,160 L389,161 L389,162 L389,163 L388,163 L387,164 L386,164 L386,165 L385,166 L384,166 L383,167 L382,167 L381,168 L380,168 L378,169 L378,170 L377,170 L376,170 L375,170 L375,170', '2016-11-13 19:14:02', 2, '1479082442716'),
(1, 'path', 'M84,109 L83,106 L82,106 L79,109 L79,110 L78,111 L76,113 L75,115 L74,116 L72,119 L71,121 L71,122 L68,126 L68,127 L67,128 L66,131 L65,134 L65,135 L64,137 L63,138 L63,140 L63,142 L63,143 L62,145 L62,146 L62,147 L61,148 L61,149 L61,150 L61,151 L61,152 L61,153 L61,154 L61,154', '2016-11-13 19:14:33', 2, '1479082472996'),
(1, 'path', 'M318,247 L318,246 L319,246 L320,246 L321,245 L322,245 L323,245 L326,244 L327,244 L329,244 L330,243 L331,243 L333,243 L334,243 L335,243 L337,243 L338,243 L339,243 L341,243 L343,243 L343,243', '2016-11-13 19:15:07', 2, '1479082507500'),
(1, 'path', 'M356,179 L356,179 L355,179 L354,179 L353,179 L352,179 L350,180 L349,181 L346,182 L345,183 L344,183 L342,185 L341,185 L340,186 L338,187 L336,188 L336,189 L334,189 L333,190 L331,192 L330,192 L329,192 L327,194 L326,195 L325,196 L324,197 L323,197 L323,198 L322,198 L322,199 L322,200 L322,201 L322,202 L322,203 L322,204 L322,205 L322,206 L323,206 L324,207 L325,209 L326,210 L327,211 L328,213 L331,214 L332,215 L332,216 L333,216 L333,217 L333,218 L333,219 L333,220 L333,221 L331,222 L331,223 L326,225 L323,226 L319,228 L309,231 L305,232 L289,235 L285,237 L282,238 L276,239 L273,239 L270,240 L263,241 L262,242 L260,242 L258,242 L258,242', '2016-11-13 19:18:50', 2, '1479082730135'),
(1, 'path', 'M340,32 L339,32 L338,32 L337,32 L337,31 L336,31 L335,31 L334,31 L333,31 L332,31 L331,31 L329,31 L328,31 L327,31 L326,31 L325,31 L323,31 L323,32 L321,33 L320,33 L319,34 L317,35 L316,35 L316,36 L315,37 L314,38 L313,38 L312,39 L312,40 L311,41 L310,42 L310,43 L310,45 L309,46 L309,47 L309,48 L309,49 L309,50 L309,51 L310,53 L311,54 L311,55 L312,56 L312,57 L312,58 L313,59 L314,60 L314,61 L314,62 L314,63 L314,64 L314,65 L314,66 L314,67 L314,68 L313,69 L312,71 L311,71 L309,73 L308,73 L307,74 L304,75 L302,75 L301,75 L297,76 L294,77 L292,77 L287,77 L285,77 L282,77 L277,78 L276,78 L273,78 L269,78 L268,78 L268,78', '2016-11-13 19:19:42', 2, '1479082782923'),
(1, 'path', 'M507,333 L507,332 L507,331 L506,331 L506,330 L505,328 L504,326 L501,323 L500,321 L496,318 L496,317 L494,315 L491,313 L489,311 L488,311 L485,308 L483,307 L480,305 L479,305 L477,304 L474,302 L473,302 L470,301 L469,301 L464,300 L463,300 L460,299 L458,299 L456,299 L455,299 L454,299 L451,299 L450,300 L449,300 L446,302 L445,302 L445,303 L442,305 L441,306 L439,307 L439,308 L438,309 L437,311 L437,312 L436,315 L436,316 L436,319 L436,320 L436,322 L436,324 L438,327 L438,328 L439,329 L441,332 L443,337 L446,340 L449,344 L450,346 L452,348 L452,349 L453,349 L453,351 L454,352 L455,354 L455,355 L455,356 L455,357 L455,358 L454,358 L454,359 L453,359 L452,360 L451,361 L449,361 L448,361 L446,362 L444,362 L443,363 L439,363 L438,363 L436,363 L431,363 L429,363 L427,363 L423,363 L421,363 L420,363 L417,363 L415,363 L413,363 L410,363 L409,362 L408,362 L406,362 L405,361 L404,361 L403,361 L402,361 L402,360 L401,360 L400,360 L400,357', '2016-11-13 19:20:37', 2, '1479082837471'),
(1, 'path', 'M318,249 L317,249 L317,250 L316,250 L315,250 L313,251 L310,251 L304,253 L299,254 L274,258 L263,260 L252,262 L244,267 L240,267 L237,269 L233,271 L231,272 L230,273 L229,274 L229,275 L229,276 L229,277 L229,278 L230,279 L232,280 L235,282 L237,284 L245,288 L246,289 L248,290 L251,292 L253,294 L254,295 L256,297 L256,298 L257,299 L258,301 L258,302 L258,303 L258,305 L258,307 L258,309 L257,312 L255,313 L254,315 L252,319 L250,321 L248,323 L244,325 L242,327 L239,328 L234,330 L232,331 L230,332 L223,334 L220,335 L216,337 L214,338 L211,338 L210,338 L208,339 L207,339 L205,339 L204,339 L203,339 L201,339 L200,339 L200,339', '2016-11-13 19:21:14', 2, '1479082874633'),
(1, 'path', 'M452,251 L451,251 L450,251 L449,251 L447,251 L446,251 L444,251 L443,251 L442,251 L440,251 L439,251 L437,251 L434,251 L433,252 L432,252 L430,253 L428,253 L427,253 L425,253 L423,254 L422,254 L420,255 L419,255 L419,256 L417,256 L416,256 L415,257 L412,259 L411,259 L409,260 L409,261 L408,261 L406,262 L406,263 L405,264 L404,264 L403,265 L401,266 L401,267 L400,268 L400,269 L399,270 L399,271 L399,272 L399,273 L399,274 L399,275 L399,276 L400,278 L402,279 L403,281 L404,282 L405,282 L407,284 L410,286 L413,288 L415,290 L416,291 L418,292 L419,293 L419,294 L419,295 L419,296 L419,297 L419,298 L419,299 L418,301 L416,302 L416,303 L415,303 L414,305 L413,305 L413,306 L411,307 L410,308 L409,309 L408,310 L406,311 L405,311 L403,314 L401,314 L401,315 L399,316 L398,316 L397,317 L396,317 L396,318 L394,318 L393,319 L393,320 L391,320 L390,320 L389,321 L388,322 L387,322 L387,323 L386,323 L384,323 L383,324 L382,324 L381,325 L380,326 L379,326 L378,326 L378,327 L377,328 L376,328 L375,329 L373,329 L371,331 L370,331 L369,332 L368,332 L365,333 L363,334 L361,334 L360,334 L359,334 L357,335 L356,336 L355,336 L353,336 L352,337 L350,337 L349,337 L348,338 L347,338 L346,338 L345,338 L344,338 L343,338 L343,339 L343,339', '2016-11-13 19:21:41', 2, '1479082901052'),
(1, 'path', 'M474,269 L475,269 L476,269 L477,269 L478,269 L482,271 L483,271 L485,271 L489,273 L491,273 L493,274 L497,275 L498,275 L500,276 L502,277 L503,278 L504,279 L505,279 L505,280 L505,281 L505,282 L506,282 L507,284 L507,285 L507,286 L507,288 L507,289 L507,291 L507,295 L507,296 L506,300 L506,301 L505,302 L505,304 L504,305 L504,306 L502,308 L501,311 L501,311', '2016-11-13 19:21:42', 2, '1479082902221'),
(1, 'path', 'M500,313 L500,316 L500,317 L501,318 L502,320 L503,320 L505,321 L507,323 L509,323 L511,324 L515,327 L516,327 L519,329 L521,330 L522,331 L523,332 L523,332', '2016-11-13 19:21:42', 2, '1479082902348'),
(1, 'path', 'M526,360 L525,363 L523,368 L522,369 L521,370 L519,373 L518,374 L518,375 L517,376 L516,376 L516,377 L515,377 L515,377', '2016-11-13 19:21:42', 2, '1479082902812'),
(1, 'path', 'M515,377 L515,377', '2016-11-13 19:21:42', 2, '1479082902860'),
(1, 'path', 'M187,367 L186,367 L184,367 L184,366 L183,366 L181,364 L180,363 L179,363 L176,360 L174,358 L172,357 L166,353 L164,352 L162,350 L156,345 L155,343 L153,341 L148,337 L146,336 L145,334 L142,330 L142,329 L141,327 L140,325 L140,324 L140,322 L140,320 L140,319 L140,318 L140,316 L141,314 L141,313 L145,308 L146,306 L148,306 L152,303 L154,301 L157,300 L163,296 L166,295 L169,294 L177,291 L180,290 L182,289 L188,287 L190,287 L193,286 L199,284 L201,284 L203,284 L207,283 L209,283 L211,283 L213,283 L214,282 L215,282 L215,281 L215,280 L215,279 L215,278 L215,277 L214,271 L213,269 L212,267 L208,261 L206,258 L204,256 L198,248 L195,245 L176,230 L171,227 L168,224 L156,217 L144,211 L134,205 L124,201 L116,196 L113,196 L109,194 L101,192 L98,191 L95,190 L88,189 L86,189 L84,189 L78,189 L76,189 L75,190 L71,192 L69,192 L67,193 L65,195 L62,197 L61,199 L60,200 L58,203 L58,204 L58,206 L58,207 L58,208 L58,211 L58,212 L58,214 L60,218 L61,220 L62,222 L66,226 L67,228 L69,230 L75,234 L78,236 L80,238 L86,241 L88,242 L90,245 L95,249 L97,249 L98,251 L101,254 L102,255 L103,256 L105,258 L105,259 L106,262 L106,264 L106,265 L106,266 L106,267 L106,268 L106,271 L105,271 L104,273 L103,274 L102,276 L100,278 L97,279 L97,280 L96,280 L94,281 L93,282 L92,282 L89,282 L87,283 L86,283 L83,284 L82,284 L80,284 L77,284 L76,284 L74,284 L75,284 L77,284 L78,285 L81,287 L82,288 L84,292 L85,294 L85,295 L86,299 L86,305 L86,310 L86,314 L86,318 L83,322 L82,324 L81,325 L79,327 L79,328 L77,329 L75,331 L74,332 L73,333 L71,334 L69,335 L68,336 L65,338 L64,339 L62,339 L62,340 L61,340 L60,341 L59,341 L59,342 L58,342 L58,343 L58,344 L58,345 L58,346 L58,347 L58,349 L58,351 L59,352 L59,353 L60,358 L60,360 L61,361 L62,365 L62,367 L62,369 L63,372 L64,373 L64,374 L64,376 L65,376 L65,377 L66,378 L66,379 L67,379 L67,380 L68,380 L69,380 L70,380 L71,380 L72,380 L73,380 L74,380 L76,380 L77,379 L78,379 L81,378 L83,377 L85,377 L88,376 L89,375 L92,374 L96,373 L98,372 L99,371 L105,370 L107,368 L110,367 L117,364 L119,364 L122,363 L129,360 L133,359 L143,356 L147,355 L148,354 L152,353 L153,353 L158,351 L159,350 L159,349 L159,348 L159,347 L158,345 L155,342 L150,339 L143,336 L136,332 L126,329 L122,327 L118,325 L109,321 L105,320 L103,319 L96,317 L91,315 L88,314 L87,314 L86,314 L86,315 L89,317 L91,318 L93,318 L95,320 L101,322 L104,323 L107,323 L116,325 L119,326 L122,326 L128,328 L129,328 L131,328 L135,329 L136,329 L137,329 L138,329 L140,329 L141,329 L142,329 L143,329 L144,328 L144,328', '2016-11-13 19:21:45', 2, '1479082905772'),
(1, 'path', 'M444,117 L445,117 L446,117 L447,117 L447,116 L448,115 L449,114 L450,114 L451,112 L452,110 L453,109 L454,108 L454,107 L455,107 L456,105 L457,105 L458,104 L459,102 L461,102 L463,101 L467,100 L469,99 L470,99 L476,99 L477,99 L479,99 L483,100 L485,100 L487,101 L490,104 L492,105 L494,107 L498,109 L499,111 L501,113 L504,117 L505,119 L507,122 L508,127 L509,129 L510,131 L511,135 L511,136 L511,138 L511,141 L511,142 L511,145 L511,147 L511,149 L511,150 L510,151 L509,152 L508,153 L506,154 L506,155 L505,155 L504,155 L504,156 L504,157 L504,158 L504,159 L505,160 L507,162 L508,163 L510,165 L514,167 L517,169 L519,170 L523,173 L524,174 L526,175 L529,177 L530,178 L530,179 L532,181 L532,182 L532,184 L532,185 L532,186 L532,187 L531,188 L530,189 L529,190 L528,191 L528,192 L527,193 L526,194 L526,195 L526,196 L527,198 L529,201 L532,205 L535,208 L538,211 L540,213 L542,214 L542,215 L543,216 L543,217 L544,219 L544,220 L544,221 L544,222 L544,223 L543,224 L542,224 L538,226 L536,227 L533,227 L524,228 L519,228 L513,229 L497,229 L490,229 L483,229 L467,229 L462,229 L456,229 L447,228 L446,228 L444,228 L443,227 L442,227 L442,226 L442,225 L442,224 L442,222 L442,221 L447,214 L447,212 L451,208 L452,206 L453,203 L457,197 L458,194 L460,190 L463,183 L464,182 L464,180 L466,175 L466,174 L466,172 L466,169 L466,167 L466,166 L466,162 L466,160 L466,158 L463,153 L462,151 L460,149 L456,145 L453,143 L451,142 L447,138 L445,137 L441,135 L436,132 L433,131 L431,131 L426,127 L423,126 L420,125 L412,123 L408,122 L405,121 L398,120 L396,120 L394,120 L391,120 L389,120 L388,121 L387,122 L387,123 L386,126 L385,128 L385,130 L385,136 L385,139 L386,142 L389,151 L391,154 L393,159 L396,167 L397,169 L398,172 L401,179 L403,181 L405,183 L407,188 L407,191 L409,192 L410,196 L410,197 L410,199 L410,201 L410,203 L410,204 L409,205 L408,206 L406,208 L404,210 L400,212 L398,214 L395,216 L393,217 L390,219 L388,221 L386,222 L385,223 L384,223 L382,226 L381,226 L380,227 L379,228 L378,229 L377,232 L376,232 L375,233 L373,235 L372,236 L369,237 L367,238 L366,239 L362,241 L359,242 L357,242 L349,244 L346,245 L327,247 L322,247 L316,248 L302,248 L296,248 L292,248 L283,248 L280,248 L278,248 L276,249 L276,250 L276,251 L278,253 L279,255 L279,255', '2016-11-13 19:21:49', 2, '1479082909564'),
(1, 'path', 'M97,22 L98,22 L99,22 L101,23 L102,24 L104,24 L105,25 L106,26 L110,26 L110,27 L111,28 L114,28 L115,29 L116,30 L119,30 L120,31 L121,32 L123,32 L124,33 L126,34 L126,35 L127,35 L127,36 L128,36 L128,37 L129,38 L129,39 L129,40 L129,41 L129,42 L129,43 L129,44 L129,45 L129,46 L129,48 L129,49 L129,50 L128,52 L127,53 L125,54 L125,55 L124,56 L124,57 L123,57 L123,58 L121,59 L121,60 L120,60 L118,62 L116,62 L116,63 L115,63 L115,64 L114,64 L114,65 L113,65 L113,66 L112,67 L111,68 L111,69 L110,69 L110,70 L110,71 L109,72 L108,72 L108,73 L107,74 L107,75 L106,75 L105,76 L105,77 L105,78 L104,78 L104,79 L103,79 L103,80 L103,81 L102,81 L102,82 L101,82 L101,83 L100,83 L100,84 L100,85 L100,86 L99,86 L99,87 L98,88 L97,90 L96,91 L95,92 L95,93 L94,94 L93,94 L93,95 L91,96 L91,97 L90,98 L90,99 L89,100 L89,101 L89,102 L89,103 L89,104 L89,105 L89,106 L89,107 L89,108 L91,110 L92,110 L93,111 L95,112 L96,114 L98,114 L102,116 L104,117 L106,118 L110,120 L112,121 L115,122 L120,124 L123,125 L124,125 L130,127 L132,128 L133,128 L137,128 L140,129 L145,130 L145,131 L146,131 L148,131 L151,131 L151,131', '2016-11-13 19:23:11', 2, '1479082991728'),
(1, 'path', 'M582,320 L582,319 L582,318 L581,316 L580,316 L579,315 L577,311 L575,309 L573,306 L572,302 L571,301 L570,298 L570,297 L569,296 L569,294 L569,293 L569,292 L569,290 L569,289 L569,288 L569,287 L569,286 L569,285 L570,283 L571,283 L572,281 L574,280 L577,277 L581,276 L583,275 L584,274 L588,273 L590,272 L595,269 L596,269 L597,268 L600,266 L601,265 L603,264 L603,263 L604,263 L605,261 L607,260 L607,259 L608,258 L608,257 L608,256 L608,255 L609,253 L609,251 L610,251 L610,248 L610,247 L610,246 L610,244 L610,243 L610,242 L609,239 L609,237 L608,236 L607,233 L607,232 L606,231 L605,230 L604,229 L603,228 L603,227 L603,227', '2016-11-13 19:24:07', 2, '1479083047671'),
(1, 'path', 'M576,35 L575,35 L574,35 L573,35 L572,35 L571,36 L570,36 L569,37 L568,39 L567,39 L566,41 L564,44 L564,45 L563,48 L561,52 L561,54 L561,56 L561,63 L562,66 L564,70 L569,80 L572,83 L587,102 L590,106 L593,109 L601,117 L602,120 L604,122 L607,126 L608,128 L608,129 L609,130 L609,131 L609,132 L609,133 L609,134 L609,135 L609,136 L609,137 L608,138 L606,139 L606,140 L604,141 L603,142 L602,143 L599,144 L595,145 L594,146 L592,147 L587,148 L586,148 L584,148 L584,148', '2016-11-13 19:25:04', 2, '1479083104496'),
(1, 'path', 'M412,42 L412,42', '2016-11-13 19:25:05', 2, '1479083105252'),
(1, 'path', 'M499,55 L497,55 L496,55 L495,55 L495,56 L494,56 L491,58 L491,60 L490,60 L487,63 L482,67 L481,69 L479,71 L475,78 L473,81 L471,86 L469,90 L469,92 L469,95 L470,97 L472,100 L475,103 L476,104 L479,106 L483,109 L487,111 L489,112 L495,116 L498,117 L500,118 L506,123 L507,124 L509,126 L510,127 L510,128 L511,129 L511,130 L511,132 L511,133 L511,136 L510,137 L509,139 L506,142 L505,143 L504,144 L502,148 L501,149 L499,152 L499,154 L499,155 L499,156 L498,157 L498,158 L498,159 L498,160 L498,161 L498,162 L498,163 L498,164 L498,165 L498,165', '2016-11-13 19:25:06', 2, '1479083106108'),
(1, 'path', 'M211,249 L212,249 L213,247 L215,244 L219,242 L224,237 L225,236 L227,234 L232,231 L234,229 L236,228 L242,225 L244,223 L246,223 L252,222 L254,221 L256,220 L259,220 L261,220 L263,220 L264,220 L266,221 L269,223 L270,224 L272,225 L276,230 L278,231 L280,233 L285,238 L288,240 L290,243 L297,248 L300,250 L302,253 L308,257 L309,258 L312,259 L316,262 L318,263 L320,264 L326,265 L329,266 L331,267 L337,269 L340,269 L343,269 L354,269 L360,270 L364,270 L377,273 L381,273 L386,273 L394,274 L397,275 L399,276 L404,278 L406,278 L408,279 L410,281 L411,282 L411,284 L411,285 L411,287 L411,288 L410,290 L408,294 L406,294 L405,296 L405,296', '2016-11-13 19:25:06', 2, '1479083106881'),
(1, 'path', 'M198,350 L198,349 L198,348 L201,343 L202,341 L203,340 L207,335 L208,334 L211,332 L217,328 L220,326 L223,324 L232,321 L234,320 L236,319 L242,317 L245,316 L247,316 L252,315 L254,314 L256,314 L261,314 L264,314 L266,314 L272,314 L275,314 L278,314 L284,314 L287,314 L290,314 L295,314 L298,314 L300,313 L305,311 L307,310 L309,309 L314,305 L316,303 L317,301 L319,296 L321,293 L321,291 L323,284 L324,282 L325,279 L326,271 L326,268 L326,252 L326,248 L326,243 L325,234 L324,231 L322,227 L316,217 L315,214 L311,210 L302,202 L299,199 L294,195 L284,190 L281,187 L277,185 L269,180 L267,179 L264,178 L260,175 L259,174 L258,173 L257,172 L257,171 L257,170 L257,169 L257,167 L257,166 L257,165 L259,160 L260,159 L261,158 L264,153 L268,147 L271,143 L276,138 L281,133 L287,128 L293,124 L295,122 L297,121 L302,117 L304,116 L306,116 L309,114 L311,113 L312,113 L312,113', '2016-11-13 19:25:07', 2, '1479083107801'),
(1, 'path', 'M41,50 L42,50 L43,50 L45,50 L46,50 L47,51 L49,52 L51,52 L52,53 L53,53 L53,54 L53,55 L53,56 L53,57 L52,59 L50,60 L50,61 L48,62 L46,63 L46,64 L42,65 L41,66 L40,66 L38,68 L37,68 L37,69 L35,70 L35,71 L35,72 L35,73 L35,73', '2016-11-13 19:25:08', 2, '1479083108960'),
(1, 'path', 'M45,80 L60,95 L60,96 L60,97 L59,98 L57,100 L55,101 L54,102 L52,103 L50,104 L45,108 L44,108 L43,109 L40,110 L40,112 L39,112 L38,113 L37,113 L37,114 L35,115 L33,116 L33,117 L32,117 L32,117', '2016-11-13 19:25:09', 2, '1479083109303'),
(1, 'path', 'M142,50 L142,51 L142,51', '2016-11-13 19:25:10', 2, '1479083110180'),
(1, 'path', 'M142,51 L151,54 L153,55 L156,56 L158,57 L160,59 L162,60 L163,62 L164,63 L164,64 L164,65 L164,66 L164,68 L164,69 L163,71 L162,75 L160,76 L160,79 L157,82 L156,83 L155,85 L153,86 L151,88 L150,89 L148,90 L147,91 L146,92 L145,92 L144,92 L144,93 L143,93 L143,94 L143,94', '2016-11-13 19:25:10', 2, '1479083110438'),
(1, 'path', 'M127,221 L127,221', '2016-11-13 19:25:11', 2, '1479083111391'),
(1, 'path', 'M129,221 L138,221 L139,221 L141,221 L143,221 L146,222 L147,222 L149,223 L151,224 L152,224 L153,224 L156,226 L158,226 L160,228 L162,229 L165,231 L166,232 L167,232 L168,232 L169,234 L170,234 L171,234 L171,235 L172,235 L172,235', '2016-11-13 19:25:11', 2, '1479083111613'),
(1, 'path', 'M300,203 L300,203', '2016-11-13 19:25:11', 2, '1479083111960'),
(1, 'path', 'M243,76 L244,75 L245,75 L247,73 L248,73 L249,73 L250,73 L252,73 L253,72 L253,72', '2016-11-13 19:25:12', 2, '1479083112432'),
(1, 'path', 'M270,76 L270,84 L270,96 L270,104 L270,110 L269,116 L269,118 L269,120 L269,120', '2016-11-13 19:25:12', 2, '1479083112580'),
(1, 'path', 'M310,176 L314,186 L315,187 L316,189 L317,195 L318,199 L320,202 L321,207 L322,210 L323,213 L324,215 L325,217 L326,219 L328,220 L328,220', '2016-11-13 19:25:12', 2, '1479083112877'),
(1, 'path', 'M475,267 L475,266 L473,264 L471,264 L469,262 L465,260 L461,258 L458,256 L449,251 L447,250 L444,249 L439,245 L438,244 L437,244 L435,241 L434,240 L433,238 L432,237 L432,234 L432,233 L432,232 L432,230 L433,228 L433,227 L434,226 L435,224 L437,223 L438,222 L440,220 L441,220 L443,219 L450,216 L452,216 L456,215 L457,215 L459,215 L462,215 L463,215 L464,215 L466,215 L468,215 L470,215 L471,215 L472,215 L473,215 L474,215 L474,214 L475,214 L475,212 L477,210 L477,209 L477,207 L478,202 L478,200 L478,198 L478,192 L478,190 L478,187 L478,181 L478,178 L477,175 L475,170 L474,167 L473,165 L470,159 L469,156 L467,154 L464,149 L463,147 L462,146 L458,141 L457,139 L455,138 L452,135 L451,135 L451,134 L449,133 L447,132 L445,131 L445,129 L444,129 L443,129 L443,128 L442,128 L441,128 L441,127 L440,127 L440,126 L440,126', '2016-11-13 19:25:13', 2, '1479083113928'),
(1, 'path', 'M436,48 L438,48 L439,49 L440,49 L441,51 L446,54 L448,56 L450,59 L457,67 L459,71 L462,74 L467,84 L469,87 L471,91 L473,98 L474,101 L474,102 L474,107 L474,109 L474,110 L474,114 L474,115 L473,117 L471,122 L470,124 L468,126 L465,131 L463,132 L463,132', '2016-11-13 19:25:23', 2, '1479083123181'),
(1, 'path', 'M456,145 L456,150 L456,153 L457,157 L459,160 L460,162 L464,169 L466,173 L466,173', '2016-11-13 19:25:23', 2, '1479083123264'),
(1, 'path', 'M480,202 L483,212 L484,217 L484,219 L484,220 L484,223 L484,224 L484,225 L484,227 L483,229 L482,232 L481,235 L481,237 L480,238 L480,238', '2016-11-13 19:25:23', 2, '1479083123381'),
(1, 'path', 'M529,364 L529,364', '2016-11-13 19:25:24', 2, '1479083124364'),
(1, 'path', 'M573,210 L575,208 L576,208 L577,208 L578,208 L579,208 L580,209 L581,211 L581,212 L581,214 L581,217 L581,219 L581,220 L581,225 L581,228 L581,229 L581,236 L580,238 L579,239 L578,243 L576,248 L574,253 L573,254 L573,255 L572,257 L571,259 L570,261 L569,261 L569,262 L569,263 L569,264 L569,265 L569,267 L570,269 L571,271 L572,272 L575,275 L577,277 L578,278 L582,283 L585,284 L586,285 L589,290 L590,291 L591,293 L593,296 L594,297 L594,299 L595,302 L595,303 L595,306 L595,308 L595,310 L595,311 L595,312 L595,313 L594,315 L594,317 L593,317 L593,318 L592,319 L591,319 L591,320 L590,321 L590,322 L588,323 L588,323', '2016-11-13 19:25:25', 2, '1479083125424'),
(1, 'path', 'M385,17 L384,17 L381,17 L379,17 L377,18 L374,19 L371,19 L367,21 L367,22 L366,22 L363,23 L361,24 L359,26 L357,26 L357,27 L355,29 L355,30 L354,30 L354,31 L354,32 L354,33 L356,34 L358,35 L360,36 L360,36', '2016-11-13 19:25:58', 2, '1479083158180'),
(1, 'path', 'M364,38 L371,44 L373,45 L373,46 L373,47 L374,48 L375,49 L375,50 L375,52 L375,54 L375,56 L375,57 L375,58 L375,61 L375,63 L375,64 L373,68 L372,70 L372,71 L371,73 L370,74 L370,75 L369,78 L368,78 L367,80 L366,82 L365,83 L363,84 L362,85 L361,86 L359,88 L358,88 L357,88 L355,89 L354,90 L353,90 L351,90 L350,91 L348,91 L346,91 L345,92 L344,92 L342,92 L341,92 L340,92 L339,92 L339,93 L339,93', '2016-11-13 19:25:58', 2, '1479083158576'),
(1, 'path', 'M501,133 L501,133', '2016-11-13 19:26:03', 2, '1479083163955'),
(1, 'path', 'M466,56 L466,56', '2016-11-13 19:26:06', 2, '1479083166455'),
(1, 'path', 'M466,38 L464,37 L462,37 L461,37 L460,37 L456,36 L454,36 L451,36 L450,36 L449,36 L447,35 L446,35 L445,35 L442,35 L441,35 L440,35 L438,35 L437,35 L436,35 L435,35 L434,35 L433,35 L432,36 L431,36 L431,37 L431,38 L431,39 L431,40 L431,41 L431,42 L431,43 L431,44 L432,46 L433,47 L434,48 L435,49 L437,51 L439,53 L441,55 L441,56 L444,58 L445,59 L445,60 L447,62 L447,63 L448,64 L448,65 L449,66 L449,67 L449,69 L449,70 L449,71 L449,72 L448,74 L448,75 L448,76 L446,78 L444,81 L444,82 L443,82 L443,83 L442,84 L442,84', '2016-11-13 19:26:07', 2, '1479083167229'),
(1, 'path', 'M254,167 L254,167', '2016-11-13 19:26:08', 2, '1479083168364'),
(1, 'path', 'M448,255 L446,255 L444,255 L442,255 L441,255 L439,255 L436,256 L434,257 L432,258 L428,261 L425,262 L424,263 L421,268 L420,269 L419,271 L418,274 L418,275 L418,277 L418,280 L419,282 L420,283 L423,289 L425,290 L426,292 L431,296 L432,298 L434,300 L438,303 L439,305 L441,306 L442,308 L443,309 L444,311 L445,312 L445,314 L445,315 L445,316 L445,317 L444,318 L444,319 L443,320 L442,321 L441,321 L439,322 L437,323 L433,323 L431,323 L429,323 L424,323 L422,323 L420,323 L411,323 L408,322 L405,320 L390,318 L390,318', '2016-11-13 19:26:09', 2, '1479083169200'),
(1, 'path', 'M367,204 L368,204 L369,204 L371,204 L372,205 L374,206 L376,208 L378,209 L378,210 L381,214 L381,216 L383,222 L383,224 L383,227 L383,232 L383,235 L383,237 L380,242 L378,246 L377,249 L371,256 L370,259 L367,262 L362,268 L362,269 L359,270 L356,272 L355,273 L353,273 L352,274 L352,275 L352,276 L352,277 L355,279 L356,280 L359,281 L361,282 L362,283 L363,284 L364,286 L365,286 L366,288 L366,289 L367,289 L367,290 L367,291 L367,292 L367,293 L367,295 L367,295', '2016-11-13 19:26:10', 2, '1479083170088'),
(1, 'path', 'M593,378 L594,378 L594,377 L595,377 L596,377 L599,377 L599,376 L600,376 L602,375 L604,375 L604,374 L605,374 L605,373 L605,372 L605,371 L604,370 L603,369 L601,368 L600,368 L599,368 L596,367 L595,367 L594,367 L593,366 L592,366 L591,366 L591,365 L592,363 L593,363 L593,362 L595,362 L596,361 L597,360 L598,359 L599,358 L599,357 L599,356 L599,355 L597,355 L596,355 L590,354 L588,353 L583,352 L582,352 L580,352 L579,352 L577,352 L578,352 L578,351 L581,350 L582,350 L583,349 L586,348 L588,348 L589,347 L591,345 L593,345 L594,345 L596,344 L597,344 L597,343 L599,343 L599,342 L598,342 L597,341 L595,340 L591,340 L590,340 L588,339 L586,339 L585,339 L584,339 L584,339', '2016-11-13 19:26:12', 2, '1479083172795'),
(1, 'path', 'M56,261 L56,262 L56,268 L56,276 L56,287 L57,296 L57,304 L58,311 L59,313 L59,315 L60,317 L60,318 L62,316 L64,311 L64,308 L66,305 L69,296 L70,291 L72,287 L77,276 L80,270 L81,265 L87,251 L89,247 L91,243 L94,237 L95,235 L96,234 L97,231 L97,234 L97,237 L97,242 L95,257 L93,266 L92,276 L90,295 L89,303 L88,311 L87,323 L87,327 L87,330 L87,334 L87,335 L87,333 L88,331 L90,324 L91,321 L93,316 L96,304 L102,291 L103,286 L106,279 L111,263 L113,255 L115,248 L119,235 L122,229 L124,225 L128,218 L129,216 L130,215 L130,214 L131,216 L131,219 L131,222 L131,232 L131,238 L131,242 L131,255 L131,259 L132,262 L134,271 L135,273 L135,274 L136,277 L137,278 L138,278 L142,272 L145,269 L147,265 L155,258 L159,252 L162,247 L169,237 L174,232 L177,226 L187,211 L195,200 L202,191 L207,185 L209,183 L210,183 L210,182 L210,188 L210,193 L210,199 L210,215 L210,223 L210,231 L208,251 L208,259 L208,267 L207,282 L207,293 L207,298 L207,299 L208,299 L208,300 L210,297 L213,293 L215,289 L222,277 L225,271 L230,265 L240,250 L246,242 L251,235 L264,220 L269,214 L274,209 L284,199 L287,196 L290,194 L294,191 L296,190 L296,192 L295,202 L293,210 L291,218 L287,238 L286,247 L284,255 L278,275 L277,282 L275,288 L273,297 L273,299 L273,301 L273,302 L273,301 L274,298 L278,291 L280,286 L283,283 L288,273 L291,268 L295,263 L303,252 L307,246 L312,241 L323,232 L328,227 L332,224 L342,218 L346,216 L350,214 L355,212 L357,212 L358,212 L359,213 L360,219 L360,223 L360,236 L360,243 L361,250 L361,268 L361,276 L361,284 L361,299 L361,305 L361,309 L363,316 L363,319 L363,320 L365,321 L365,322 L367,321 L372,315 L381,306 L391,297 L401,287 L414,271 L432,255 L447,239 L459,225 L463,221 L466,217 L472,210 L473,209 L475,207 L476,207 L476,209 L475,218 L471,234 L468,243 L466,253 L459,278 L457,288 L456,299 L453,318 L452,323 L452,326 L452,332 L452,335 L454,333 L455,330 L457,327 L463,317 L466,314 L469,308 L479,293 L483,287 L487,282 L499,263 L504,257 L508,250 L520,234 L524,228 L529,224 L536,216 L539,213 L542,211 L545,208 L546,207 L547,207 L547,208 L547,210 L547,214 L545,225 L544,233 L544,240 L543,257 L542,264 L542,270 L541,285 L541,290 L541,293 L541,302 L541,304 L541,306 L541,309 L541,310 L541,311 L541,311', '2016-11-13 19:26:17', 2, '1479083177016');

-- --------------------------------------------------------

--
-- Table structure for table `whiteboardusers`
--

CREATE TABLE `whiteboardusers` (
  `boardId` int(11) NOT NULL,
  `userId` int(11) NOT NULL
) ENGINE=InnoDB DEFAULT CHARSET=latin1;

--
-- Indexes for dumped tables
--

--
-- Indexes for table `chatdata`
--
ALTER TABLE `chatdata`
  ADD KEY `lobbyIdFK` (`lobbyId`) USING BTREE,
  ADD KEY `userId` (`userId`);

--
-- Indexes for table `chatlobby`
--
ALTER TABLE `chatlobby`
  ADD PRIMARY KEY (`lobbyId`),
  ADD KEY `ownerId` (`ownerId`);

--
-- Indexes for table `chatusers`
--
ALTER TABLE `chatusers`
  ADD KEY `lobbyId` (`lobbyId`),
  ADD KEY `userId` (`userId`),
  ADD KEY `lobbyId_2` (`lobbyId`);

--
-- Indexes for table `invites`
--
ALTER TABLE `invites`
  ADD PRIMARY KEY (`datetime`),
  ADD KEY `boardId` (`boardId`),
  ADD KEY `lobbyId` (`lobbyId`),
  ADD KEY `inviter` (`inviter`),
  ADD KEY `invitee` (`invitee`);

--
-- Indexes for table `users`
--
ALTER TABLE `users`
  ADD PRIMARY KEY (`userId`),
  ADD UNIQUE KEY `username` (`username`);

--
-- Indexes for table `whiteboard`
--
ALTER TABLE `whiteboard`
  ADD PRIMARY KEY (`boardId`),
  ADD KEY `ownerId` (`ownerId`);

--
-- Indexes for table `whiteboarddata`
--
ALTER TABLE `whiteboarddata`
  ADD KEY `boardId` (`boardId`);

--
-- AUTO_INCREMENT for dumped tables
--

--
-- AUTO_INCREMENT for table `chatlobby`
--
ALTER TABLE `chatlobby`
  MODIFY `lobbyId` int(5) NOT NULL AUTO_INCREMENT, AUTO_INCREMENT=31;
--
-- AUTO_INCREMENT for table `users`
--
ALTER TABLE `users`
  MODIFY `userId` int(5) NOT NULL AUTO_INCREMENT, AUTO_INCREMENT=5;
--
-- AUTO_INCREMENT for table `whiteboard`
--
ALTER TABLE `whiteboard`
  MODIFY `boardId` int(11) NOT NULL AUTO_INCREMENT, AUTO_INCREMENT=16;
--
-- Constraints for dumped tables
--

--
-- Constraints for table `chatdata`
--
ALTER TABLE `chatdata`
  ADD CONSTRAINT `lobbyIdFK` FOREIGN KEY (`lobbyId`) REFERENCES `chatlobby` (`lobbyId`),
  ADD CONSTRAINT `userIdFK` FOREIGN KEY (`userId`) REFERENCES `users` (`userId`);

--
-- Constraints for table `chatlobby`
--
ALTER TABLE `chatlobby`
  ADD CONSTRAINT `ownerIdFK` FOREIGN KEY (`ownerId`) REFERENCES `users` (`userId`);

--
-- Constraints for table `chatusers`
--
ALTER TABLE `chatusers`
  ADD CONSTRAINT `chatuserlobbyidFk` FOREIGN KEY (`lobbyId`) REFERENCES `chatlobby` (`lobbyId`),
  ADD CONSTRAINT `chatuseruserIdFk` FOREIGN KEY (`userId`) REFERENCES `users` (`userId`);

--
-- Constraints for table `invites`
--
ALTER TABLE `invites`
  ADD CONSTRAINT `invBoardFK` FOREIGN KEY (`boardId`) REFERENCES `whiteboard` (`boardId`) ON DELETE CASCADE,
  ADD CONSTRAINT `invInviteeFK` FOREIGN KEY (`invitee`) REFERENCES `users` (`userId`) ON DELETE CASCADE,
  ADD CONSTRAINT `invInviterFK` FOREIGN KEY (`inviter`) REFERENCES `users` (`userId`) ON DELETE CASCADE,
  ADD CONSTRAINT `invLobbyIdFK` FOREIGN KEY (`lobbyId`) REFERENCES `chatlobby` (`lobbyId`) ON DELETE CASCADE;

--
-- Constraints for table `whiteboard`
--
ALTER TABLE `whiteboard`
  ADD CONSTRAINT `ownderIdFK` FOREIGN KEY (`ownerId`) REFERENCES `users` (`userId`);

/*!40101 SET CHARACTER_SET_CLIENT=@OLD_CHARACTER_SET_CLIENT */;
/*!40101 SET CHARACTER_SET_RESULTS=@OLD_CHARACTER_SET_RESULTS */;
/*!40101 SET COLLATION_CONNECTION=@OLD_COLLATION_CONNECTION */;
