-- phpMyAdmin SQL Dump
-- version 4.6.4
-- https://www.phpmyadmin.net/
--
-- Host: 127.0.0.1
-- Generation Time: Nov 08, 2016 at 01:13 PM
-- Server version: 5.7.14
-- PHP Version: 5.6.25

SET SQL_MODE = "NO_AUTO_VALUE_ON_ZERO";
SET time_zone = "+00:00";


/*!40101 SET @OLD_CHARACTER_SET_CLIENT=@@CHARACTER_SET_CLIENT */;
/*!40101 SET @OLD_CHARACTER_SET_RESULTS=@@CHARACTER_SET_RESULTS */;
/*!40101 SET @OLD_COLLATION_CONNECTION=@@COLLATION_CONNECTION */;
/*!40101 SET NAMES utf8mb4 */;

--
-- Database: `sfp8216`
--

-- --------------------------------------------------------

--
-- Table structure for table `chatdata`
--

CREATE TABLE `chatdata` (
  `lobbyId` int(5) NOT NULL,
  `userId` int(5) NOT NULL,
  `message` varchar(150) NOT NULL,
  `time` datetime(6) DEFAULT NULL
) ENGINE=InnoDB DEFAULT CHARSET=latin1;

--
-- Dumping data for table `chatdata`
--

INSERT INTO `chatdata` (`lobbyId`, `userId`, `message`, `time`) VALUES
(1, 1, 'Hi!', '2016-10-25 12:06:54.000000'),
(1, 2, 'How you doing?', '2016-10-25 12:07:04.000000'),
(1, 1, 'Good, you?', NULL),
(1, 1, 'sad', '2016-10-25 17:02:15.000000'),
(1, 1, 'Whys that?', '2016-10-25 17:02:24.000000'),
(1, 1, 'good morning', '2016-10-30 01:00:36.000000'),
(1, 1, 'good morning', '2016-10-30 01:00:40.000000'),
(1, 1, 'good morning', '2016-10-30 01:00:46.000000'),
(1, 1, 'Blah', '2016-10-30 01:09:15.000000'),
(1, 1, 'Blah', '2016-10-30 01:09:17.000000'),
(1, 1, 'Blah', '2016-10-30 01:09:34.000000'),
(1, 1, 'Blah', '2016-10-30 01:10:04.000000'),
(1, 1, 'bay', '2016-10-30 01:10:33.000000'),
(1, 1, 'Blah', '2016-10-30 01:13:43.000000'),
(1, 1, 'Try again!!!!!!!!!!!', '2016-10-30 01:15:19.000000'),
(1, 2, 'Shut up', '2016-10-30 01:16:02.000000'),
(1, 1, 'no you shut up', '2016-10-30 01:16:19.000000'),
(1, 1, 'hiya', '2016-10-30 17:59:32.000000'),
(1, 2, 'hey', '2016-10-30 17:59:41.000000'),
(1, 2, 'sup', '2016-10-30 18:00:43.000000'),
(1, 1, 'hey dood', '2016-10-30 18:01:03.000000'),
(1, 1, 'whiteboard time!', '2016-10-30 18:01:11.000000'),
(1, 2, 'Awww yessss', '2016-10-30 18:01:17.000000'),
(1, 1, 'Anyone here?', '2016-10-30 18:04:40.000000'),
(1, 2, 'Yup I am', '2016-10-30 18:04:45.000000'),
(2, 2, 'testing!', '2016-10-30 18:20:23.000000'),
(2, 1, 'Oh hey it works', '2016-10-30 18:20:31.000000'),
(1, 2, 'Hello', '2016-10-30 21:04:00.000000'),
(1, 1, 'Hello root', '2016-10-30 21:04:09.000000'),
(2, 1, 'Hi again', '2016-10-30 21:04:24.000000'),
(2, 2, 'Good afternoon', '2016-10-30 21:04:58.000000'),
(1, 2, 'BONZAI', '2016-11-03 18:07:53.000000'),
(1, 1, 'Shush', '2016-11-03 18:07:57.000000'),
(1, 2, 'Dodo', '2016-11-03 19:44:17.000000'),
(1, 3, 'hi', '2016-11-03 22:50:28.000000'),
(1, 2, 'you suck', '2016-11-03 22:53:12.000000');

-- --------------------------------------------------------

--
-- Table structure for table `chatlobby`
--

CREATE TABLE `chatlobby` (
  `lobbyId` int(5) NOT NULL,
  `ownerId` int(5) NOT NULL,
  `name` varchar(50) NOT NULL,
  `permission` bit(1) NOT NULL DEFAULT b'0' COMMENT '0 = Public 1= private'
) ENGINE=InnoDB DEFAULT CHARSET=latin1;

--
-- Dumping data for table `chatlobby`
--

INSERT INTO `chatlobby` (`lobbyId`, `ownerId`, `name`, `permission`) VALUES
(1, 1, 'TestRoom', b'0'),
(2, 1, 'Admins room', b'1');

-- --------------------------------------------------------

--
-- Table structure for table `chatusers`
--

CREATE TABLE `chatusers` (
  `lobbyId` int(11) NOT NULL,
  `userId` int(11) NOT NULL,
  `whiteboardId` int(11) NOT NULL,
  `invitation` int(11) NOT NULL
) ENGINE=InnoDB DEFAULT CHARSET=latin1;

--
-- Dumping data for table `chatusers`
--

INSERT INTO `chatusers` (`lobbyId`, `userId`, `whiteboardId`, `invitation`) VALUES
(1, 1, 1, 1),
(1, 2, 1, 0);

-- --------------------------------------------------------

--
-- Table structure for table `invites`
--

CREATE TABLE `invites` (
  `boardId` int(11) NOT NULL,
  `lobbyId` int(11) NOT NULL,
  `inviter` int(11) NOT NULL,
  `invitee` int(11) NOT NULL,
  `accepted` tinyint(1) NOT NULL DEFAULT '0',
  `datetime` datetime NOT NULL DEFAULT CURRENT_TIMESTAMP
) ENGINE=InnoDB DEFAULT CHARSET=latin1;

--
-- Dumping data for table `invites`
--

INSERT INTO `invites` (`boardId`, `lobbyId`, `inviter`, `invitee`, `accepted`, `datetime`) VALUES
(1, 1, 2, 3, 0, '2016-11-06 16:08:27'),
(1, 1, 3, 2, 0, '2016-11-06 17:39:21');

-- --------------------------------------------------------

--
-- Table structure for table `users`
--

CREATE TABLE `users` (
  `userId` int(5) NOT NULL,
  `username` varchar(20) NOT NULL,
  `password` varchar(50) NOT NULL,
  `status` tinyint(1) NOT NULL DEFAULT '0' COMMENT '0=Off 1=Online'
) ENGINE=InnoDB DEFAULT CHARSET=latin1;

--
-- Dumping data for table `users`
--

INSERT INTO `users` (`userId`, `username`, `password`, `status`) VALUES
(1, 'admin', '21232f297a57a5a743894a0e4a801fc3', 0),
(2, 'root', 'a6b9e3d1afcb575dbe75a922f2e1556a', 1),
(3, 'tom', '34b7da764b21d298ef307d04d8152dc5', 1),
(4, 'Bill', 'e8375d7cd983efcbf956da5937050ffc', 1);

-- --------------------------------------------------------

--
-- Table structure for table `whiteboard`
--

CREATE TABLE `whiteboard` (
  `boardId` int(11) NOT NULL,
  `ownerId` int(11) NOT NULL,
  `lobbyyId` int(11) NOT NULL,
  `name` varchar(20) NOT NULL,
  `public` tinyint(1) NOT NULL DEFAULT '1' COMMENT 'True=Public False=Private'
) ENGINE=InnoDB DEFAULT CHARSET=latin1;

--
-- Dumping data for table `whiteboard`
--

INSERT INTO `whiteboard` (`boardId`, `ownerId`, `lobbyyId`, `name`, `public`) VALUES
(1, 1, 1, 'First Whiteboard!', 1),
(2, 3, 2, 'Tom\'s Board', 0);

-- --------------------------------------------------------

--
-- Table structure for table `whiteboarddata`
--

CREATE TABLE `whiteboarddata` (
  `boardId` int(5) NOT NULL,
  `shape` varchar(20) NOT NULL,
  `points` varchar(5000) NOT NULL,
  `time` datetime NOT NULL DEFAULT CURRENT_TIMESTAMP,
  `userid` int(19) NOT NULL,
  `strokeId` varchar(15) NOT NULL
) ENGINE=InnoDB DEFAULT CHARSET=latin1;

--
-- Dumping data for table `whiteboarddata`
--

INSERT INTO `whiteboarddata` (`boardId`, `shape`, `points`, `time`, `userid`, `strokeId`) VALUES
(1, 'path', 'M168,117 L167,117 L165,117 L164,117 L161,117 L160,117 L158,117 L153,117 L151,117 L149,117 L144,117 L142,117 L140,117 L136,117 L133,117 L132,117 L129,117 L128,117 L127,118 L125,118 L125,119 L124,119 L123,119 L122,119 L121,121 L121,122 L120,122 L120,123 L120,124 L120,125 L120,126 L120,127 L120,129 L121,131 L123,133 L123,135 L126,137 L127,138 L129,139 L132,142 L134,143 L135,144 L141,146 L143,147 L145,148 L149,150 L151,150 L152,150 L155,151 L156,151 L157,151 L157,152 L158,152 L157,152 L155,152 L152,152 L149,152 L145,153 L142,154 L140,155 L139,156 L136,157 L134,158 L133,159 L130,161 L129,162 L129,163 L127,165 L126,166 L125,168 L125,169 L125,170 L125,171 L125,172 L125,173 L125,174 L125,175 L125,176 L125,177 L125,178 L126,178 L126,179 L127,179 L129,180 L130,181 L133,182 L135,182 L137,183 L144,183 L146,184 L151,184 L153,184 L156,184 L161,184 L162,184 L164,184 L167,184 L168,184 L169,184 L171,184 L172,184 L173,184 L173,184', '2016-11-06 14:31:11', 2, '1478460671017'),
(1, 'path', 'M74,275 L74,275', '2016-11-06 14:31:43', 2, '1478460703409'),
(1, 'path', 'M74,275 L73,276 L72,276 L72,277 L71,279 L71,280 L70,282 L69,282 L69,284 L69,286 L68,287 L68,288 L68,290 L68,291 L68,293 L68,294 L68,295 L69,295 L70,295 L72,295 L73,295 L77,293 L78,293 L80,293 L83,290 L85,289 L86,288 L89,286 L92,284 L94,281 L95,279 L96,279 L97,277 L98,276 L98,275 L98,274 L99,274 L99,273 L99,272 L98,274 L96,277 L96,279 L96,280 L94,283 L93,285 L93,286 L92,288 L92,289 L91,290 L91,292 L91,293 L91,294 L91,295 L91,296 L91,297 L91,298 L92,298 L93,298 L94,298 L95,298 L96,298 L97,297 L98,296 L98,295 L99,295 L100,293 L101,291 L102,290 L104,287 L105,285 L105,284 L106,282 L107,281 L107,280 L107,278 L108,277 L108,275 L109,275 L109,273 L109,272 L109,271 L109,270 L109,269 L109,268 L110,268 L110,267 L111,267 L112,266 L113,265 L113,264 L114,264 L115,263 L115,262 L116,262 L116,261 L117,261 L117,259 L118,258 L119,257 L119,256 L120,256 L121,255 L121,254 L121,253 L122,252 L122,251 L123,251 L123,250 L121,253 L119,259 L118,261 L116,263 L113,270 L112,273 L110,275 L109,280 L108,283 L106,285 L105,290 L104,292 L103,293 L102,297 L102,298 L102,300 L101,302 L100,303 L100,304 L100,305 L101,304 L102,301 L104,300 L105,299 L108,295 L109,294 L111,292 L117,289 L119,288 L122,286 L123,286 L124,286 L127,284 L128,284 L130,284 L131,284 L132,284 L132,285 L132,287 L132,289 L132,291 L132,292 L132,293 L132,295 L132,296 L132,297 L133,297 L134,297 L137,296 L138,295 L140,293 L141,292 L141,291 L143,289 L144,287 L145,285 L145,284 L146,282 L146,281 L146,280 L147,280 L146,280 L144,283 L142,285 L141,288 L141,289 L140,291 L139,293 L139,294 L139,295 L138,297 L138,298 L138,299 L138,300 L139,300 L139,301 L140,301 L141,301 L143,301 L144,301 L146,301 L148,301 L148,300 L149,299 L149,298 L150,297 L150,296 L150,294 L150,293 L151,292 L151,291 L151,290 L151,289 L150,289 L150,288 L149,288 L148,288 L147,288 L146,288 L146,289 L146,290 L146,291 L147,291 L148,292 L149,292 L150,292 L151,292 L153,292 L154,292 L155,292 L156,292 L157,291 L158,290 L159,289 L160,289 L160,288 L161,286 L162,285 L163,284 L163,283 L164,282 L165,281 L165,280 L166,280 L166,279 L166,280 L165,282 L164,283 L163,285 L161,289 L160,290 L159,293 L157,297 L157,298 L157,299 L157,302 L157,303 L157,304 L157,305 L158,305 L158,306 L159,306 L160,306 L161,306 L162,306 L162,305 L163,304 L163,303 L164,303 L165,302 L165,301 L165,300 L166,298 L166,297 L166,295 L166,294 L166,293 L166,291 L166,290 L166,289 L166,288 L166,287 L165,287 L164,287 L163,286 L162,286 L161,286 L160,286 L159,286 L159,287 L159,288 L159,289 L161,289 L162,289 L163,289 L165,289 L167,289 L168,289 L170,289 L170,288 L172,288 L172,287 L173,287 L173,286 L175,285 L177,284 L177,283 L178,283 L180,282 L180,282', '2016-11-06 14:31:46', 2, '1478460706237'),
(2, 'path', 'M91,92 L92,92 L93,92 L94,92 L96,92 L98,92 L99,92 L103,93 L105,93 L107,94 L113,95 L116,96 L118,97 L123,98 L126,100 L130,101 L138,104 L140,105 L144,107 L153,111 L156,112 L159,114 L167,119 L169,120 L171,121 L175,125 L177,125 L178,127 L180,129 L180,130 L180,131 L181,132 L181,133 L182,133 L182,135 L182,136 L182,137 L182,139 L182,140 L182,142 L182,143 L182,144 L181,146 L181,149 L180,150 L178,152 L178,156 L176,157 L176,158 L174,163 L173,165 L172,166 L170,170 L169,172 L168,173 L166,175 L166,177 L165,177 L164,180 L164,181 L163,183 L162,185 L162,186 L161,188 L160,190 L160,191 L160,192 L160,194 L160,196 L159,198 L159,199 L158,200 L158,203 L158,204 L158,205 L158,207 L158,208 L158,209 L158,211 L158,212 L157,213 L157,214 L157,215 L157,215', '2016-11-06 15:20:40', 2, '1478463640457'),
(2, 'path', 'M262,100 L262,100', '2016-11-06 17:35:26', 2, '1478471726811'),
(2, 'path', 'M155,24 L156,24 L157,24 L158,24 L159,24 L161,24 L162,24 L163,25 L164,25 L165,26 L166,26 L166,27 L167,27 L167,28 L167,29 L168,29 L168,30 L168,31 L168,32 L168,33 L168,34 L168,35 L168,36 L168,37 L168,38 L169,38 L170,38 L173,38 L175,39 L177,40 L179,41 L181,41 L183,42 L183,43 L185,43 L185,44 L186,44 L186,45 L186,46 L186,47 L186,49 L186,50 L186,51 L186,52 L186,53 L186,54 L186,55 L186,55', '2016-11-06 17:35:33', 2, '1478471733737'),
(2, 'path', 'M290,86 L290,85 L291,85 L292,84 L293,84 L294,83 L297,83 L299,83 L301,83 L302,83 L304,83 L305,83 L306,83 L307,83 L308,83 L309,85 L310,86 L310,87 L310,88 L310,90 L310,91 L310,92 L310,93 L309,95 L309,96 L309,97 L308,98 L307,99 L307,100 L307,101 L306,101 L306,102 L307,102 L308,102 L309,102 L310,103 L312,104 L313,105 L313,106 L313,108 L313,109 L313,110 L313,112 L313,114 L313,116 L313,118 L313,119 L313,121 L312,124 L311,125 L310,126 L309,128 L309,129 L308,130 L307,131 L307,132 L306,132 L306,133 L305,133 L305,134 L304,134 L303,134 L303,135 L300,136 L299,138 L296,139 L294,140 L293,141 L291,142 L291,143 L290,143 L289,143 L289,144 L288,144 L287,144 L286,144 L285,144 L284,144 L283,144 L283,143 L282,142 L282,141 L280,141 L279,140 L278,140 L278,139 L277,139 L276,138 L275,138 L274,138 L273,138 L273,139 L272,139 L272,140 L271,140 L271,142 L270,142 L270,143 L270,145 L270,146 L270,147 L270,148 L270,149 L270,150 L270,151 L270,152 L270,153 L271,153 L272,155 L273,156 L275,156 L276,156 L277,156 L279,157 L280,157 L281,157 L282,158 L283,158 L284,158 L285,158 L286,158 L287,158 L287,159 L288,159 L288,160 L288,161 L288,162 L288,164 L288,165 L288,166 L288,167 L288,169 L288,170 L288,171 L288,173 L287,174 L286,175 L284,177 L282,178 L280,179 L278,181 L276,181 L274,182 L272,183 L270,184 L268,184 L266,185 L265,185 L264,186 L262,186 L261,186 L260,187 L259,187 L258,187 L258,188 L257,188 L256,188 L255,189 L254,189 L253,189 L252,189 L250,188 L250,186 L249,184 L249,182 L249,181 L249,179 L249,177 L249,175 L249,174 L249,173 L250,171 L250,170 L250,169 L251,168 L251,167 L253,163 L254,161 L254,160 L255,158 L256,155 L257,153 L257,151 L257,150 L258,148 L258,147 L259,146 L259,144 L259,142 L259,140 L259,139 L259,138 L259,136 L259,134 L259,132 L259,131 L259,130 L259,129 L259,128 L260,128 L260,128', '2016-11-06 17:35:54', 2, '1478471754157'),
(2, 'path', 'M303,303 L304,303 L305,303 L306,303 L307,303 L308,303 L309,303 L307,303 L300,306 L289,311 L277,315 L264,320 L255,323 L248,324 L244,325 L242,325 L244,320 L249,314 L259,305 L269,297 L277,291 L283,286 L288,282 L290,280 L291,279 L292,279 L293,278 L293,277 L289,276 L280,276 L265,276 L250,277 L237,280 L227,282 L222,283 L217,284 L216,284 L215,284 L217,284 L221,280 L236,269 L240,266 L242,264 L243,263 L244,263 L245,262 L242,263 L236,264 L230,266 L224,269 L221,271 L219,272 L217,273 L216,273 L219,271 L224,266 L227,262 L231,258 L233,256 L235,254 L236,252 L236,251 L235,251 L232,251 L229,251 L227,253 L225,253 L224,254 L222,255 L221,255 L220,256 L220,256', '2016-11-06 17:36:15', 2, '1478471775146'),
(2, 'path', 'M11,212 L12,212 L13,212 L14,211 L17,209 L21,208 L27,206 L34,204 L39,202 L45,201 L50,201 L53,201 L55,201 L56,201 L57,201 L57,202 L57,203 L57,204 L57,205 L57,207 L57,208 L57,209 L56,211 L55,212 L55,214 L54,216 L53,218 L52,222 L49,234 L49,238 L49,241 L49,244 L49,245 L49,246 L55,247 L63,247 L72,247 L85,247 L97,247 L106,245 L110,243 L113,242 L115,242 L116,241 L115,244 L112,246 L111,249 L108,254 L105,259 L101,265 L98,270 L95,276 L92,282 L91,286 L90,288 L89,290 L89,291 L89,292 L89,292', '2016-11-06 17:36:57', 4, '1478471817662'),
(2, 'path', 'M58,105 L60,105 L62,106 L64,107 L66,108 L69,110 L72,110 L74,111 L76,112 L77,112 L79,113 L80,114 L81,114 L82,114 L83,115 L84,116 L85,117 L86,118 L86,119 L87,120 L87,121 L88,122 L89,124 L90,125 L90,127 L92,128 L93,130 L95,131 L96,132 L99,135 L101,136 L104,138 L109,141 L113,144 L118,147 L122,150 L125,152 L127,155 L130,156 L132,158 L133,159 L134,160 L135,161 L135,162 L135,164 L135,165 L135,166 L136,167 L136,168 L136,169 L137,169 L138,170 L138,170', '2016-11-06 17:37:04', 4, '1478471824003'),
(2, 'path', 'M269,166 L269,166 L269,166', '2016-11-06 17:37:24', 2, '1478471844161'),
(2, 'path', 'M252,52 L252,52', '2016-11-06 17:37:52', 2, '1478471872824'),
(2, 'path', 'M293,39 L295,38 L296,38 L297,38 L298,38 L299,38 L301,38 L302,38 L302,39 L302,40 L302,41 L302,43 L303,44 L304,47 L304,48 L306,50 L308,51 L312,55 L315,57 L318,59 L321,61 L323,62 L324,63 L325,63 L325,64 L326,64 L326,65 L327,65 L328,65 L329,65 L331,65 L331,65', '2016-11-06 17:37:54', 2, '1478471874176'),
(2, 'path', 'M336,160 L335,160 L337,157 L341,151 L346,142 L352,131 L356,119 L360,109 L363,99 L365,91 L366,84 L366,79 L366,77 L366,75 L366,74 L366,73 L364,73 L362,73 L359,73 L356,74 L354,75 L352,76 L350,77 L349,78 L348,78 L348,79 L349,79 L350,79 L350,79', '2016-11-06 17:37:55', 2, '1478471875605'),
(1, 'path', 'M242,101 L242,100 L244,100 L245,100 L246,100 L247,100 L250,100 L251,101 L252,101 L253,101 L253,102 L253,104 L253,106 L253,107 L253,109 L253,111 L253,113 L252,116 L252,117 L252,118 L252,119 L252,120 L254,121 L256,122 L258,123 L261,123 L262,123 L263,123 L264,123 L264,124 L264,126 L264,128 L264,129 L264,131 L264,133 L264,135 L264,137 L264,138 L264,140 L266,142 L267,143 L269,144 L269,146 L270,146 L271,148 L271,149 L271,150 L270,152 L269,154 L268,156 L266,157 L264,160 L263,161 L263,161', '2016-11-06 17:37:59', 2, '1478471879463'),
(1, 'path', 'M97,83 L96,83 L95,83 L95,83', '2016-11-06 17:38:01', 2, '1478471881274'),
(1, 'path', 'M80,91 L80,92 L80,93 L81,93 L81,93', '2016-11-06 17:38:01', 2, '1478471881677'),
(1, 'path', 'M93,93 L94,93 L95,93 L96,93 L97,93 L98,93 L99,93 L100,93 L101,93 L103,92 L105,91 L107,91 L110,89 L113,88 L117,87 L121,85 L126,83 L132,80 L139,77 L145,74 L151,72 L155,70 L158,69 L161,68 L163,66 L164,66 L165,66 L166,66 L168,66 L170,66 L174,66 L180,65 L185,65 L192,64 L195,63 L198,63 L200,63 L201,63 L201,63', '2016-11-06 17:38:02', 2, '1478471882363');

-- --------------------------------------------------------

--
-- Table structure for table `whiteboardusers`
--

CREATE TABLE `whiteboardusers` (
  `boardId` int(11) NOT NULL,
  `userId` int(11) NOT NULL
) ENGINE=InnoDB DEFAULT CHARSET=latin1;

--
-- Indexes for dumped tables
--

--
-- Indexes for table `chatdata`
--
ALTER TABLE `chatdata`
  ADD KEY `lobbyIdFK` (`lobbyId`) USING BTREE,
  ADD KEY `userId` (`userId`);

--
-- Indexes for table `chatlobby`
--
ALTER TABLE `chatlobby`
  ADD PRIMARY KEY (`lobbyId`),
  ADD KEY `ownerId` (`ownerId`);

--
-- Indexes for table `chatusers`
--
ALTER TABLE `chatusers`
  ADD KEY `lobbyId` (`lobbyId`),
  ADD KEY `userId` (`userId`),
  ADD KEY `whiteboardId` (`whiteboardId`);

--
-- Indexes for table `invites`
--
ALTER TABLE `invites`
  ADD KEY `boardId` (`boardId`),
  ADD KEY `lobbyId` (`lobbyId`),
  ADD KEY `inviter` (`inviter`),
  ADD KEY `invitee` (`invitee`);

--
-- Indexes for table `users`
--
ALTER TABLE `users`
  ADD PRIMARY KEY (`userId`),
  ADD UNIQUE KEY `username` (`username`);

--
-- Indexes for table `whiteboard`
--
ALTER TABLE `whiteboard`
  ADD PRIMARY KEY (`boardId`),
  ADD KEY `ownerId` (`ownerId`),
  ADD KEY `lobbyyId` (`lobbyyId`);

--
-- Indexes for table `whiteboarddata`
--
ALTER TABLE `whiteboarddata`
  ADD KEY `boardId` (`boardId`);

--
-- AUTO_INCREMENT for dumped tables
--

--
-- AUTO_INCREMENT for table `chatlobby`
--
ALTER TABLE `chatlobby`
  MODIFY `lobbyId` int(5) NOT NULL AUTO_INCREMENT, AUTO_INCREMENT=3;
--
-- AUTO_INCREMENT for table `users`
--
ALTER TABLE `users`
  MODIFY `userId` int(5) NOT NULL AUTO_INCREMENT, AUTO_INCREMENT=5;
--
-- AUTO_INCREMENT for table `whiteboard`
--
ALTER TABLE `whiteboard`
  MODIFY `boardId` int(11) NOT NULL AUTO_INCREMENT, AUTO_INCREMENT=3;
--
-- Constraints for dumped tables
--

--
-- Constraints for table `chatdata`
--
ALTER TABLE `chatdata`
  ADD CONSTRAINT `lobbyIdFK` FOREIGN KEY (`lobbyId`) REFERENCES `chatlobby` (`lobbyId`),
  ADD CONSTRAINT `userIdFK` FOREIGN KEY (`userId`) REFERENCES `users` (`userId`);

--
-- Constraints for table `chatlobby`
--
ALTER TABLE `chatlobby`
  ADD CONSTRAINT `ownerIdFK` FOREIGN KEY (`ownerId`) REFERENCES `users` (`userId`);

--
-- Constraints for table `chatusers`
--
ALTER TABLE `chatusers`
  ADD CONSTRAINT `chatuserlobbyidFk` FOREIGN KEY (`lobbyId`) REFERENCES `chatlobby` (`lobbyId`),
  ADD CONSTRAINT `chatuseruserIdFk` FOREIGN KEY (`userId`) REFERENCES `users` (`userId`),
  ADD CONSTRAINT `chatuserwbidFK` FOREIGN KEY (`whiteboardId`) REFERENCES `whiteboard` (`boardId`);

--
-- Constraints for table `invites`
--
ALTER TABLE `invites`
  ADD CONSTRAINT `invBoardFK` FOREIGN KEY (`boardId`) REFERENCES `whiteboard` (`boardId`),
  ADD CONSTRAINT `invInviteeFK` FOREIGN KEY (`invitee`) REFERENCES `users` (`userId`),
  ADD CONSTRAINT `invInviterFK` FOREIGN KEY (`inviter`) REFERENCES `users` (`userId`),
  ADD CONSTRAINT `invLobbyIdFK` FOREIGN KEY (`lobbyId`) REFERENCES `chatlobby` (`lobbyId`);

--
-- Constraints for table `whiteboard`
--
ALTER TABLE `whiteboard`
  ADD CONSTRAINT `ownderIdFK` FOREIGN KEY (`ownerId`) REFERENCES `users` (`userId`),
  ADD CONSTRAINT `wbLobbyIdFK` FOREIGN KEY (`lobbyyId`) REFERENCES `chatlobby` (`lobbyId`);

/*!40101 SET CHARACTER_SET_CLIENT=@OLD_CHARACTER_SET_CLIENT */;
/*!40101 SET CHARACTER_SET_RESULTS=@OLD_CHARACTER_SET_RESULTS */;
/*!40101 SET COLLATION_CONNECTION=@OLD_COLLATION_CONNECTION */;
